-- MySQL dump 10.13  Distrib 8.0.28, for Linux (x86_64)
--
-- Host: localhost    Database: api_mardelle
-- ------------------------------------------------------
-- Server version	8.0.28-0ubuntu0.20.04.3

/*!40101 SET @OLD_CHARACTER_SET_CLIENT=@@CHARACTER_SET_CLIENT */;
/*!40101 SET @OLD_CHARACTER_SET_RESULTS=@@CHARACTER_SET_RESULTS */;
/*!40101 SET @OLD_COLLATION_CONNECTION=@@COLLATION_CONNECTION */;
/*!50503 SET NAMES utf8mb4 */;
/*!40103 SET @OLD_TIME_ZONE=@@TIME_ZONE */;
/*!40103 SET TIME_ZONE='+00:00' */;
/*!40014 SET @OLD_UNIQUE_CHECKS=@@UNIQUE_CHECKS, UNIQUE_CHECKS=0 */;
/*!40014 SET @OLD_FOREIGN_KEY_CHECKS=@@FOREIGN_KEY_CHECKS, FOREIGN_KEY_CHECKS=0 */;
/*!40101 SET @OLD_SQL_MODE=@@SQL_MODE, SQL_MODE='NO_AUTO_VALUE_ON_ZERO' */;
/*!40111 SET @OLD_SQL_NOTES=@@SQL_NOTES, SQL_NOTES=0 */;

--
-- Table structure for table `averages`
--

DROP TABLE IF EXISTS `averages`;
/*!40101 SET @saved_cs_client     = @@character_set_client */;
/*!50503 SET character_set_client = utf8mb4 */;
CREATE TABLE `averages` (
  `id` bigint unsigned NOT NULL AUTO_INCREMENT,
  `percent` varchar(255) COLLATE utf8mb4_unicode_ci NOT NULL,
  `tax` varchar(255) COLLATE utf8mb4_unicode_ci NOT NULL,
  `created_at` timestamp NULL DEFAULT NULL,
  `updated_at` timestamp NULL DEFAULT NULL,
  PRIMARY KEY (`id`)
) ENGINE=InnoDB DEFAULT CHARSET=utf8mb4 COLLATE=utf8mb4_unicode_ci;
/*!40101 SET character_set_client = @saved_cs_client */;

--
-- Dumping data for table `averages`
--

LOCK TABLES `averages` WRITE;
/*!40000 ALTER TABLE `averages` DISABLE KEYS */;
/*!40000 ALTER TABLE `averages` ENABLE KEYS */;
UNLOCK TABLES;

--
-- Table structure for table `data_rows`
--

DROP TABLE IF EXISTS `data_rows`;
/*!40101 SET @saved_cs_client     = @@character_set_client */;
/*!50503 SET character_set_client = utf8mb4 */;
CREATE TABLE `data_rows` (
  `id` int unsigned NOT NULL AUTO_INCREMENT,
  `data_type_id` int unsigned NOT NULL,
  `field` varchar(255) COLLATE utf8mb4_unicode_ci NOT NULL,
  `type` varchar(255) COLLATE utf8mb4_unicode_ci NOT NULL,
  `display_name` varchar(255) COLLATE utf8mb4_unicode_ci NOT NULL,
  `required` tinyint(1) NOT NULL DEFAULT '0',
  `browse` tinyint(1) NOT NULL DEFAULT '1',
  `read` tinyint(1) NOT NULL DEFAULT '1',
  `edit` tinyint(1) NOT NULL DEFAULT '1',
  `add` tinyint(1) NOT NULL DEFAULT '1',
  `delete` tinyint(1) NOT NULL DEFAULT '1',
  `details` text COLLATE utf8mb4_unicode_ci,
  `order` int NOT NULL DEFAULT '1',
  PRIMARY KEY (`id`),
  KEY `data_rows_data_type_id_foreign` (`data_type_id`),
  CONSTRAINT `data_rows_data_type_id_foreign` FOREIGN KEY (`data_type_id`) REFERENCES `data_types` (`id`) ON DELETE CASCADE ON UPDATE CASCADE
) ENGINE=InnoDB AUTO_INCREMENT=42 DEFAULT CHARSET=utf8mb4 COLLATE=utf8mb4_unicode_ci;
/*!40101 SET character_set_client = @saved_cs_client */;

--
-- Dumping data for table `data_rows`
--

LOCK TABLES `data_rows` WRITE;
/*!40000 ALTER TABLE `data_rows` DISABLE KEYS */;
INSERT INTO `data_rows` VALUES (1,1,'id','number','ID',1,0,0,0,0,0,'{}',1),(2,1,'name','text','Name',1,1,1,1,1,1,'{}',2),(3,1,'email','text','Email',1,1,1,1,1,1,'{}',3),(4,1,'password','password','Password',1,0,0,1,1,0,'{}',4),(5,1,'remember_token','text','Remember Token',0,0,0,0,0,0,'{}',5),(6,1,'created_at','timestamp','Created At',0,1,1,0,0,0,'{}',6),(7,1,'updated_at','timestamp','Updated At',0,0,0,0,0,0,'{}',7),(8,1,'avatar','image','Avatar',0,1,1,1,1,1,'{}',8),(9,1,'user_belongsto_role_relationship','relationship','Role',0,1,1,1,1,0,'{\"model\":\"TCG\\\\Voyager\\\\Models\\\\Role\",\"table\":\"roles\",\"type\":\"belongsTo\",\"column\":\"role_id\",\"key\":\"id\",\"label\":\"display_name\",\"pivot_table\":\"roles\",\"pivot\":\"0\",\"taggable\":\"0\"}',10),(10,1,'user_belongstomany_role_relationship','relationship','voyager::seeders.data_rows.roles',0,1,1,1,1,0,'{\"model\":\"TCG\\\\Voyager\\\\Models\\\\Role\",\"table\":\"roles\",\"type\":\"belongsToMany\",\"column\":\"id\",\"key\":\"id\",\"label\":\"display_name\",\"pivot_table\":\"user_roles\",\"pivot\":\"1\",\"taggable\":\"0\"}',11),(11,1,'settings','hidden','Settings',0,0,0,0,0,0,'{}',12),(12,2,'id','number','ID',1,0,0,0,0,0,NULL,1),(13,2,'name','text','Name',1,1,1,1,1,1,NULL,2),(14,2,'created_at','timestamp','Created At',0,0,0,0,0,0,NULL,3),(15,2,'updated_at','timestamp','Updated At',0,0,0,0,0,0,NULL,4),(16,3,'id','number','ID',1,0,0,0,0,0,NULL,1),(17,3,'name','text','Name',1,1,1,1,1,1,NULL,2),(18,3,'created_at','timestamp','Created At',0,0,0,0,0,0,NULL,3),(19,3,'updated_at','timestamp','Updated At',0,0,0,0,0,0,NULL,4),(20,3,'display_name','text','Display Name',1,1,1,1,1,1,NULL,5),(21,1,'role_id','text','Role',0,1,1,1,1,1,'{}',9),(22,5,'id','text','Id',1,0,0,0,0,0,'{}',1),(23,5,'percent','text','Percent',1,1,1,1,1,1,'{}',2),(24,5,'tax','text','Tax',1,1,1,1,1,1,'{}',3),(25,5,'created_at','timestamp','Created At',0,1,1,1,0,1,'{}',4),(26,5,'updated_at','timestamp','Updated At',0,0,0,0,0,0,'{}',5),(27,5,'average_belongstomany_user_relationship','relationship','users',0,0,0,0,1,0,'{\"model\":\"App\\\\Models\\\\Average\",\"table\":\"users\",\"type\":\"belongsToMany\",\"column\":\"id\",\"key\":\"id\",\"label\":\"id\",\"pivot_table\":\"user_averages\",\"pivot\":\"1\",\"taggable\":\"0\"}',6),(29,1,'email_verified_at','timestamp','Email Verified At',0,1,1,1,1,1,'{}',6),(30,6,'id','text','Id',1,0,0,0,0,0,'{}',1),(31,6,'neighborhood','text','Bairro',1,1,1,1,1,1,'{}',2),(32,6,'zip_code_start','text','Código Postal Início',1,1,1,1,1,1,'{}',3),(33,6,'zip_code_end','text','Código Postal Final',1,1,1,1,1,1,'{}',4),(34,6,'created_at','timestamp','Created At',0,0,0,0,0,0,'{}',5),(35,6,'updated_at','timestamp','Updated At',0,0,0,0,0,0,'{}',6),(36,8,'id','text','Id',1,0,0,0,0,0,'{}',1),(37,8,'user_id','hidden','User Id',1,0,0,1,1,1,'{}',2),(38,8,'location_id','hidden','Location Id',1,0,0,1,1,1,'{}',3),(39,8,'user_location_belongsto_user_relationship','relationship','Usuário',0,1,1,1,1,1,'{\"model\":\"App\\\\Models\\\\User\",\"table\":\"users\",\"type\":\"belongsTo\",\"column\":\"user_id\",\"key\":\"id\",\"label\":\"email\",\"pivot_table\":\"averages\",\"pivot\":\"0\",\"taggable\":\"0\"}',4),(40,8,'user_location_belongsto_location_relationship','relationship','Localização',0,1,1,1,1,1,'{\"model\":\"App\\\\Models\\\\Location\",\"table\":\"locations\",\"type\":\"belongsTo\",\"column\":\"location_id\",\"key\":\"id\",\"label\":\"neighborhood\",\"pivot_table\":\"averages\",\"pivot\":\"0\",\"taggable\":\"0\"}',5),(41,1,'customer_id','text','Customer Id',0,0,0,0,0,0,'{}',12);
/*!40000 ALTER TABLE `data_rows` ENABLE KEYS */;
UNLOCK TABLES;

--
-- Table structure for table `data_types`
--

DROP TABLE IF EXISTS `data_types`;
/*!40101 SET @saved_cs_client     = @@character_set_client */;
/*!50503 SET character_set_client = utf8mb4 */;
CREATE TABLE `data_types` (
  `id` int unsigned NOT NULL AUTO_INCREMENT,
  `name` varchar(255) COLLATE utf8mb4_unicode_ci NOT NULL,
  `slug` varchar(255) COLLATE utf8mb4_unicode_ci NOT NULL,
  `display_name_singular` varchar(255) COLLATE utf8mb4_unicode_ci NOT NULL,
  `display_name_plural` varchar(255) COLLATE utf8mb4_unicode_ci NOT NULL,
  `icon` varchar(255) COLLATE utf8mb4_unicode_ci DEFAULT NULL,
  `model_name` varchar(255) COLLATE utf8mb4_unicode_ci DEFAULT NULL,
  `policy_name` varchar(255) COLLATE utf8mb4_unicode_ci DEFAULT NULL,
  `controller` varchar(255) COLLATE utf8mb4_unicode_ci DEFAULT NULL,
  `description` varchar(255) COLLATE utf8mb4_unicode_ci DEFAULT NULL,
  `generate_permissions` tinyint(1) NOT NULL DEFAULT '0',
  `server_side` tinyint NOT NULL DEFAULT '0',
  `details` text COLLATE utf8mb4_unicode_ci,
  `created_at` timestamp NULL DEFAULT NULL,
  `updated_at` timestamp NULL DEFAULT NULL,
  PRIMARY KEY (`id`),
  UNIQUE KEY `data_types_name_unique` (`name`),
  UNIQUE KEY `data_types_slug_unique` (`slug`)
) ENGINE=InnoDB AUTO_INCREMENT=9 DEFAULT CHARSET=utf8mb4 COLLATE=utf8mb4_unicode_ci;
/*!40101 SET character_set_client = @saved_cs_client */;

--
-- Dumping data for table `data_types`
--

LOCK TABLES `data_types` WRITE;
/*!40000 ALTER TABLE `data_types` DISABLE KEYS */;
INSERT INTO `data_types` VALUES (1,'users','users','User','Users','voyager-person','TCG\\Voyager\\Models\\User','TCG\\Voyager\\Policies\\UserPolicy','TCG\\Voyager\\Http\\Controllers\\VoyagerUserController',NULL,1,0,'{\"order_column\":null,\"order_display_column\":null,\"order_direction\":\"desc\",\"default_search_key\":null,\"scope\":null}','2022-02-01 02:29:30','2022-02-05 23:06:27'),(2,'menus','menus','Menu','Menus','voyager-list','TCG\\Voyager\\Models\\Menu',NULL,'','',1,0,NULL,'2022-02-01 02:29:31','2022-02-01 02:29:31'),(3,'roles','roles','Role','Roles','voyager-lock','TCG\\Voyager\\Models\\Role',NULL,'TCG\\Voyager\\Http\\Controllers\\VoyagerRoleController','',1,0,NULL,'2022-02-01 02:29:31','2022-02-01 02:29:31'),(5,'averages','averages','Impostos e taxas','Impostos e taxas','voyager-pie-chart','App\\Models\\Average',NULL,NULL,NULL,1,0,'{\"order_column\":\"id\",\"order_display_column\":\"percent\",\"order_direction\":\"desc\",\"default_search_key\":null,\"scope\":null}','2022-02-01 20:54:12','2022-02-01 21:17:32'),(6,'locations','locations','Localizações','Localizações','voyager-location','App\\Models\\Location',NULL,NULL,NULL,1,0,'{\"order_column\":null,\"order_display_column\":null,\"order_direction\":\"asc\",\"default_search_key\":null,\"scope\":null}','2022-02-01 21:40:40','2022-02-01 21:58:32'),(8,'user_locations','user-locations','Área de Franqueados','Área de Franqueados','voyager-paper-plane','App\\Models\\UserLocation',NULL,NULL,NULL,1,0,'{\"order_column\":\"id\",\"order_display_column\":null,\"order_direction\":\"desc\",\"default_search_key\":null,\"scope\":null}','2022-02-01 21:52:59','2022-02-02 01:56:42');
/*!40000 ALTER TABLE `data_types` ENABLE KEYS */;
UNLOCK TABLES;

--
-- Table structure for table `failed_jobs`
--

DROP TABLE IF EXISTS `failed_jobs`;
/*!40101 SET @saved_cs_client     = @@character_set_client */;
/*!50503 SET character_set_client = utf8mb4 */;
CREATE TABLE `failed_jobs` (
  `id` bigint unsigned NOT NULL AUTO_INCREMENT,
  `uuid` varchar(255) COLLATE utf8mb4_unicode_ci NOT NULL,
  `connection` text COLLATE utf8mb4_unicode_ci NOT NULL,
  `queue` text COLLATE utf8mb4_unicode_ci NOT NULL,
  `payload` longtext COLLATE utf8mb4_unicode_ci NOT NULL,
  `exception` longtext COLLATE utf8mb4_unicode_ci NOT NULL,
  `failed_at` timestamp NOT NULL DEFAULT CURRENT_TIMESTAMP,
  PRIMARY KEY (`id`),
  UNIQUE KEY `failed_jobs_uuid_unique` (`uuid`)
) ENGINE=InnoDB DEFAULT CHARSET=utf8mb4 COLLATE=utf8mb4_unicode_ci;
/*!40101 SET character_set_client = @saved_cs_client */;

--
-- Dumping data for table `failed_jobs`
--

LOCK TABLES `failed_jobs` WRITE;
/*!40000 ALTER TABLE `failed_jobs` DISABLE KEYS */;
/*!40000 ALTER TABLE `failed_jobs` ENABLE KEYS */;
UNLOCK TABLES;

--
-- Table structure for table `locations`
--

DROP TABLE IF EXISTS `locations`;
/*!40101 SET @saved_cs_client     = @@character_set_client */;
/*!50503 SET character_set_client = utf8mb4 */;
CREATE TABLE `locations` (
  `id` bigint unsigned NOT NULL AUTO_INCREMENT,
  `neighborhood` varchar(255) COLLATE utf8mb4_unicode_ci NOT NULL,
  `zip_code_start` varchar(255) COLLATE utf8mb4_unicode_ci NOT NULL,
  `zip_code_end` varchar(255) COLLATE utf8mb4_unicode_ci NOT NULL,
  `created_at` timestamp NULL DEFAULT NULL,
  `updated_at` timestamp NULL DEFAULT NULL,
  PRIMARY KEY (`id`)
) ENGINE=InnoDB AUTO_INCREMENT=3 DEFAULT CHARSET=utf8mb4 COLLATE=utf8mb4_unicode_ci;
/*!40101 SET character_set_client = @saved_cs_client */;

--
-- Dumping data for table `locations`
--

LOCK TABLES `locations` WRITE;
/*!40000 ALTER TABLE `locations` DISABLE KEYS */;
INSERT INTO `locations` VALUES (1,'Santa Amélia','3100000','320000','2022-02-01 21:56:12','2022-02-01 21:56:12'),(2,'Maringa Paraná','87005030','87013929','2022-02-05 23:04:04','2022-02-05 23:04:04');
/*!40000 ALTER TABLE `locations` ENABLE KEYS */;
UNLOCK TABLES;

--
-- Table structure for table `menu_items`
--

DROP TABLE IF EXISTS `menu_items`;
/*!40101 SET @saved_cs_client     = @@character_set_client */;
/*!50503 SET character_set_client = utf8mb4 */;
CREATE TABLE `menu_items` (
  `id` int unsigned NOT NULL AUTO_INCREMENT,
  `menu_id` int unsigned DEFAULT NULL,
  `title` varchar(255) COLLATE utf8mb4_unicode_ci NOT NULL,
  `url` varchar(255) COLLATE utf8mb4_unicode_ci NOT NULL,
  `target` varchar(255) COLLATE utf8mb4_unicode_ci NOT NULL DEFAULT '_self',
  `icon_class` varchar(255) COLLATE utf8mb4_unicode_ci DEFAULT NULL,
  `color` varchar(255) COLLATE utf8mb4_unicode_ci DEFAULT NULL,
  `parent_id` int DEFAULT NULL,
  `order` int NOT NULL,
  `created_at` timestamp NULL DEFAULT NULL,
  `updated_at` timestamp NULL DEFAULT NULL,
  `route` varchar(255) COLLATE utf8mb4_unicode_ci DEFAULT NULL,
  `parameters` text COLLATE utf8mb4_unicode_ci,
  PRIMARY KEY (`id`),
  KEY `menu_items_menu_id_foreign` (`menu_id`),
  CONSTRAINT `menu_items_menu_id_foreign` FOREIGN KEY (`menu_id`) REFERENCES `menus` (`id`) ON DELETE CASCADE
) ENGINE=InnoDB AUTO_INCREMENT=16 DEFAULT CHARSET=utf8mb4 COLLATE=utf8mb4_unicode_ci;
/*!40101 SET character_set_client = @saved_cs_client */;

--
-- Dumping data for table `menu_items`
--

LOCK TABLES `menu_items` WRITE;
/*!40000 ALTER TABLE `menu_items` DISABLE KEYS */;
INSERT INTO `menu_items` VALUES (2,1,'Media','','_self','voyager-images',NULL,NULL,5,'2022-02-01 02:29:37','2022-02-01 02:29:37','voyager.media.index',NULL),(3,1,'Users','','_self','voyager-person',NULL,NULL,3,'2022-02-01 02:29:37','2022-02-01 02:29:37','voyager.users.index',NULL),(4,1,'Roles','','_self','voyager-lock',NULL,NULL,2,'2022-02-01 02:29:37','2022-02-01 02:29:37','voyager.roles.index',NULL),(5,1,'Tools','','_self','voyager-tools',NULL,NULL,9,'2022-02-01 02:29:38','2022-02-01 02:29:38',NULL,NULL),(6,1,'Menu Builder','','_self','voyager-list',NULL,5,10,'2022-02-01 02:29:38','2022-02-01 02:29:38','voyager.menus.index',NULL),(7,1,'Database','','_self','voyager-data',NULL,5,11,'2022-02-01 02:29:38','2022-02-01 02:29:38','voyager.database.index',NULL),(8,1,'Compass','','_self','voyager-compass',NULL,5,12,'2022-02-01 02:29:38','2022-02-01 02:29:38','voyager.compass.index',NULL),(9,1,'BREAD','','_self','voyager-bread',NULL,5,13,'2022-02-01 02:29:38','2022-02-01 02:29:38','voyager.bread.index',NULL),(10,1,'Settings','','_self','voyager-settings',NULL,NULL,14,'2022-02-01 02:29:38','2022-02-01 02:29:38','voyager.settings.index',NULL),(11,1,'Impostos e taxas','','_self',NULL,NULL,NULL,15,'2022-02-01 20:54:13','2022-02-01 20:54:13','voyager.averages.index',NULL),(12,1,'Localizações','','_self','voyager-location',NULL,NULL,16,'2022-02-01 21:40:41','2022-02-01 21:40:41','voyager.locations.index',NULL),(13,1,'Área','','_self','voyager-paper-plane',NULL,NULL,17,'2022-02-01 21:53:00','2022-02-01 21:53:00','voyager.user-locations.index',NULL),(14,2,'Vendas','/admin/sales','_self','voyager-pie-chart','#000000',NULL,18,'2022-02-08 00:01:59','2022-02-08 00:03:44',NULL,''),(15,1,'Vendas','/admin/sales','_self','voyager-pie-chart','#000000',NULL,19,'2022-02-08 00:03:25','2022-02-08 00:03:25',NULL,'');
/*!40000 ALTER TABLE `menu_items` ENABLE KEYS */;
UNLOCK TABLES;

--
-- Table structure for table `menus`
--

DROP TABLE IF EXISTS `menus`;
/*!40101 SET @saved_cs_client     = @@character_set_client */;
/*!50503 SET character_set_client = utf8mb4 */;
CREATE TABLE `menus` (
  `id` int unsigned NOT NULL AUTO_INCREMENT,
  `name` varchar(255) COLLATE utf8mb4_unicode_ci NOT NULL,
  `created_at` timestamp NULL DEFAULT NULL,
  `updated_at` timestamp NULL DEFAULT NULL,
  PRIMARY KEY (`id`),
  UNIQUE KEY `menus_name_unique` (`name`)
) ENGINE=InnoDB AUTO_INCREMENT=3 DEFAULT CHARSET=utf8mb4 COLLATE=utf8mb4_unicode_ci;
/*!40101 SET character_set_client = @saved_cs_client */;

--
-- Dumping data for table `menus`
--

LOCK TABLES `menus` WRITE;
/*!40000 ALTER TABLE `menus` DISABLE KEYS */;
INSERT INTO `menus` VALUES (1,'admin','2022-02-01 02:29:37','2022-02-01 02:29:37'),(2,'franqueado','2022-02-08 00:01:34','2022-02-08 00:01:34');
/*!40000 ALTER TABLE `menus` ENABLE KEYS */;
UNLOCK TABLES;

--
-- Table structure for table `migrations`
--

DROP TABLE IF EXISTS `migrations`;
/*!40101 SET @saved_cs_client     = @@character_set_client */;
/*!50503 SET character_set_client = utf8mb4 */;
CREATE TABLE `migrations` (
  `id` int unsigned NOT NULL AUTO_INCREMENT,
  `migration` varchar(255) COLLATE utf8mb4_unicode_ci NOT NULL,
  `batch` int NOT NULL,
  PRIMARY KEY (`id`)
) ENGINE=InnoDB AUTO_INCREMENT=46 DEFAULT CHARSET=utf8mb4 COLLATE=utf8mb4_unicode_ci;
/*!40101 SET character_set_client = @saved_cs_client */;

--
-- Dumping data for table `migrations`
--

LOCK TABLES `migrations` WRITE;
/*!40000 ALTER TABLE `migrations` DISABLE KEYS */;
INSERT INTO `migrations` VALUES (1,'2014_10_12_000000_create_users_table',1),(2,'2014_10_12_100000_create_password_resets_table',1),(3,'2019_08_19_000000_create_failed_jobs_table',1),(4,'2019_12_14_000001_create_personal_access_tokens_table',1),(5,'2021_12_28_183506_create_others_table',1),(6,'2021_12_29_184444_create_postalcodes_table',2),(7,'2016_01_01_000000_add_voyager_user_fields',3),(8,'2016_01_01_000000_create_data_types_table',3),(9,'2016_05_19_173453_create_menu_table',3),(10,'2016_10_21_190000_create_roles_table',3),(11,'2016_10_21_190000_create_settings_table',3),(12,'2016_11_30_135954_create_permission_table',3),(13,'2016_11_30_141208_create_permission_role_table',3),(14,'2016_12_26_201236_data_types__add__server_side',3),(15,'2017_01_13_000000_add_route_to_menu_items_table',3),(16,'2017_01_14_005015_create_translations_table',3),(17,'2017_01_15_000000_make_table_name_nullable_in_permissions_table',3),(18,'2017_03_06_000000_add_controller_to_data_types_table',3),(19,'2017_04_21_000000_add_order_to_data_rows_table',3),(20,'2017_07_05_210000_add_policyname_to_data_types_table',3),(21,'2017_08_05_000000_add_group_to_settings_table',3),(22,'2017_11_26_013050_add_user_role_relationship',3),(23,'2017_11_26_015000_create_user_roles_table',3),(24,'2018_03_11_000000_add_user_settings',3),(25,'2018_03_14_000000_add_details_to_data_types_table',3),(26,'2018_03_16_000000_make_settings_value_nullable',3),(27,'2022_02_01_173916_create_averages_table',4),(28,'2022_02_01_174034_create_user_averages_table',5),(29,'2022_02_01_182917_create_locations_table',6),(30,'2022_02_01_184346_create_user_locations_table',7),(31,'2022_02_01_192738_create_notifications_table',8),(36,'2022_02_01_231328_create_traycustomers_table',9),(38,'2022_02_01_235900_create_trayaddress_table',11),(39,'2022_02_03_135123_alter_table_users_add_customer_id',12),(45,'2022_02_01_231329_create_trayothers_table',13);
/*!40000 ALTER TABLE `migrations` ENABLE KEYS */;
UNLOCK TABLES;

--
-- Table structure for table `notifications`
--

DROP TABLE IF EXISTS `notifications`;
/*!40101 SET @saved_cs_client     = @@character_set_client */;
/*!50503 SET character_set_client = utf8mb4 */;
CREATE TABLE `notifications` (
  `id` bigint unsigned NOT NULL AUTO_INCREMENT,
  `scope_name` varchar(255) COLLATE utf8mb4_unicode_ci NOT NULL,
  `scope_id` bigint unsigned DEFAULT NULL,
  `seller_id` bigint unsigned DEFAULT NULL,
  `act` varchar(255) COLLATE utf8mb4_unicode_ci DEFAULT NULL,
  `json` text COLLATE utf8mb4_unicode_ci,
  `created_at` timestamp NULL DEFAULT NULL,
  `updated_at` timestamp NULL DEFAULT NULL,
  PRIMARY KEY (`id`)
) ENGINE=InnoDB DEFAULT CHARSET=utf8mb4 COLLATE=utf8mb4_unicode_ci;
/*!40101 SET character_set_client = @saved_cs_client */;

--
-- Dumping data for table `notifications`
--

LOCK TABLES `notifications` WRITE;
/*!40000 ALTER TABLE `notifications` DISABLE KEYS */;
/*!40000 ALTER TABLE `notifications` ENABLE KEYS */;
UNLOCK TABLES;

--
-- Table structure for table `others`
--

DROP TABLE IF EXISTS `others`;
/*!40101 SET @saved_cs_client     = @@character_set_client */;
/*!50503 SET character_set_client = utf8mb4 */;
CREATE TABLE `others` (
  `id` bigint unsigned NOT NULL AUTO_INCREMENT,
  `field` varchar(255) COLLATE utf8mb4_unicode_ci NOT NULL,
  `value` text COLLATE utf8mb4_unicode_ci NOT NULL,
  `created_at` timestamp NULL DEFAULT NULL,
  `updated_at` timestamp NULL DEFAULT NULL,
  PRIMARY KEY (`id`)
) ENGINE=InnoDB AUTO_INCREMENT=12 DEFAULT CHARSET=utf8mb4 COLLATE=utf8mb4_unicode_ci;
/*!40101 SET character_set_client = @saved_cs_client */;

--
-- Dumping data for table `others`
--

LOCK TABLES `others` WRITE;
/*!40000 ALTER TABLE `others` DISABLE KEYS */;
INSERT INTO `others` VALUES (10,'tray','{\"code\":201,\"message\":\"Created tokens\",\"access_token\":\"APP_ID-3847-bfdcc8bd37b3477f911326531b17de5e510672ac288ffb9050ee712a0dfb9c05\",\"refresh_token\":\"b0cda598046a52fd8a1fb7a25bcfad7851c62d9960d120006d8f4f8ef5816469\",\"date_expiration_access_token\":\"2022-02-05 18:17:56\",\"date_expiration_refresh_token\":\"2022-03-07 15:17:56\",\"date_activated\":\"2022-02-05 15:17:56\",\"api_host\":\"https:\\/\\/trayparceiros.commercesuite.com.br\\/web_api\",\"store_id\":\"391250\"}','2022-02-03 17:52:33','2022-02-05 21:17:56'),(11,'order','{\"total\":3467,\"page\":4,\"offset\":90,\"limit\":30,\"maxLimit\":50}','2022-02-05 21:18:18','2022-02-05 22:42:57');
/*!40000 ALTER TABLE `others` ENABLE KEYS */;
UNLOCK TABLES;

--
-- Table structure for table `password_resets`
--

DROP TABLE IF EXISTS `password_resets`;
/*!40101 SET @saved_cs_client     = @@character_set_client */;
/*!50503 SET character_set_client = utf8mb4 */;
CREATE TABLE `password_resets` (
  `email` varchar(255) COLLATE utf8mb4_unicode_ci NOT NULL,
  `token` varchar(255) COLLATE utf8mb4_unicode_ci NOT NULL,
  `created_at` timestamp NULL DEFAULT NULL,
  KEY `password_resets_email_index` (`email`)
) ENGINE=InnoDB DEFAULT CHARSET=utf8mb4 COLLATE=utf8mb4_unicode_ci;
/*!40101 SET character_set_client = @saved_cs_client */;

--
-- Dumping data for table `password_resets`
--

LOCK TABLES `password_resets` WRITE;
/*!40000 ALTER TABLE `password_resets` DISABLE KEYS */;
/*!40000 ALTER TABLE `password_resets` ENABLE KEYS */;
UNLOCK TABLES;

--
-- Table structure for table `permission_role`
--

DROP TABLE IF EXISTS `permission_role`;
/*!40101 SET @saved_cs_client     = @@character_set_client */;
/*!50503 SET character_set_client = utf8mb4 */;
CREATE TABLE `permission_role` (
  `permission_id` bigint unsigned NOT NULL,
  `role_id` bigint unsigned NOT NULL,
  PRIMARY KEY (`permission_id`,`role_id`),
  KEY `permission_role_permission_id_index` (`permission_id`),
  KEY `permission_role_role_id_index` (`role_id`),
  CONSTRAINT `permission_role_permission_id_foreign` FOREIGN KEY (`permission_id`) REFERENCES `permissions` (`id`) ON DELETE CASCADE,
  CONSTRAINT `permission_role_role_id_foreign` FOREIGN KEY (`role_id`) REFERENCES `roles` (`id`) ON DELETE CASCADE
) ENGINE=InnoDB DEFAULT CHARSET=utf8mb4 COLLATE=utf8mb4_unicode_ci;
/*!40101 SET character_set_client = @saved_cs_client */;

--
-- Dumping data for table `permission_role`
--

LOCK TABLES `permission_role` WRITE;
/*!40000 ALTER TABLE `permission_role` DISABLE KEYS */;
INSERT INTO `permission_role` VALUES (1,1),(1,2),(2,1),(3,1),(4,1),(5,1),(6,1),(7,1),(8,1),(9,1),(10,1),(11,1),(12,1),(13,1),(14,1),(15,1),(16,1),(17,1),(18,1),(19,1),(20,1),(21,1),(22,1),(23,1),(24,1),(25,1),(26,1),(27,1),(28,1),(29,1),(30,1),(31,1),(32,1),(33,1),(34,1),(35,1),(36,1),(37,1),(38,1),(39,1),(40,1);
/*!40000 ALTER TABLE `permission_role` ENABLE KEYS */;
UNLOCK TABLES;

--
-- Table structure for table `permissions`
--

DROP TABLE IF EXISTS `permissions`;
/*!40101 SET @saved_cs_client     = @@character_set_client */;
/*!50503 SET character_set_client = utf8mb4 */;
CREATE TABLE `permissions` (
  `id` bigint unsigned NOT NULL AUTO_INCREMENT,
  `key` varchar(255) COLLATE utf8mb4_unicode_ci NOT NULL,
  `table_name` varchar(255) CHARACTER SET utf8mb4 COLLATE utf8mb4_unicode_ci DEFAULT NULL,
  `created_at` timestamp NULL DEFAULT NULL,
  `updated_at` timestamp NULL DEFAULT NULL,
  PRIMARY KEY (`id`),
  KEY `permissions_key_index` (`key`)
) ENGINE=InnoDB AUTO_INCREMENT=41 DEFAULT CHARSET=utf8mb4 COLLATE=utf8mb4_unicode_ci;
/*!40101 SET character_set_client = @saved_cs_client */;

--
-- Dumping data for table `permissions`
--

LOCK TABLES `permissions` WRITE;
/*!40000 ALTER TABLE `permissions` DISABLE KEYS */;
INSERT INTO `permissions` VALUES (1,'browse_admin',NULL,'2022-02-01 02:29:39','2022-02-01 02:29:39'),(2,'browse_bread',NULL,'2022-02-01 02:29:39','2022-02-01 02:29:39'),(3,'browse_database',NULL,'2022-02-01 02:29:39','2022-02-01 02:29:39'),(4,'browse_media',NULL,'2022-02-01 02:29:39','2022-02-01 02:29:39'),(5,'browse_compass',NULL,'2022-02-01 02:29:39','2022-02-01 02:29:39'),(6,'browse_menus','menus','2022-02-01 02:29:40','2022-02-01 02:29:40'),(7,'read_menus','menus','2022-02-01 02:29:40','2022-02-01 02:29:40'),(8,'edit_menus','menus','2022-02-01 02:29:40','2022-02-01 02:29:40'),(9,'add_menus','menus','2022-02-01 02:29:40','2022-02-01 02:29:40'),(10,'delete_menus','menus','2022-02-01 02:29:40','2022-02-01 02:29:40'),(11,'browse_roles','roles','2022-02-01 02:29:40','2022-02-01 02:29:40'),(12,'read_roles','roles','2022-02-01 02:29:41','2022-02-01 02:29:41'),(13,'edit_roles','roles','2022-02-01 02:29:41','2022-02-01 02:29:41'),(14,'add_roles','roles','2022-02-01 02:29:41','2022-02-01 02:29:41'),(15,'delete_roles','roles','2022-02-01 02:29:41','2022-02-01 02:29:41'),(16,'browse_users','users','2022-02-01 02:29:41','2022-02-01 02:29:41'),(17,'read_users','users','2022-02-01 02:29:41','2022-02-01 02:29:41'),(18,'edit_users','users','2022-02-01 02:29:41','2022-02-01 02:29:41'),(19,'add_users','users','2022-02-01 02:29:42','2022-02-01 02:29:42'),(20,'delete_users','users','2022-02-01 02:29:42','2022-02-01 02:29:42'),(21,'browse_settings','settings','2022-02-01 02:29:42','2022-02-01 02:29:42'),(22,'read_settings','settings','2022-02-01 02:29:42','2022-02-01 02:29:42'),(23,'edit_settings','settings','2022-02-01 02:29:42','2022-02-01 02:29:42'),(24,'add_settings','settings','2022-02-01 02:29:42','2022-02-01 02:29:42'),(25,'delete_settings','settings','2022-02-01 02:29:43','2022-02-01 02:29:43'),(26,'browse_averages','averages','2022-02-01 20:54:13','2022-02-01 20:54:13'),(27,'read_averages','averages','2022-02-01 20:54:13','2022-02-01 20:54:13'),(28,'edit_averages','averages','2022-02-01 20:54:13','2022-02-01 20:54:13'),(29,'add_averages','averages','2022-02-01 20:54:13','2022-02-01 20:54:13'),(30,'delete_averages','averages','2022-02-01 20:54:13','2022-02-01 20:54:13'),(31,'browse_locations','locations','2022-02-01 21:40:40','2022-02-01 21:40:40'),(32,'read_locations','locations','2022-02-01 21:40:40','2022-02-01 21:40:40'),(33,'edit_locations','locations','2022-02-01 21:40:40','2022-02-01 21:40:40'),(34,'add_locations','locations','2022-02-01 21:40:40','2022-02-01 21:40:40'),(35,'delete_locations','locations','2022-02-01 21:40:40','2022-02-01 21:40:40'),(36,'browse_user_locations','user_locations','2022-02-01 21:52:59','2022-02-01 21:52:59'),(37,'read_user_locations','user_locations','2022-02-01 21:52:59','2022-02-01 21:52:59'),(38,'edit_user_locations','user_locations','2022-02-01 21:52:59','2022-02-01 21:52:59'),(39,'add_user_locations','user_locations','2022-02-01 21:52:59','2022-02-01 21:52:59'),(40,'delete_user_locations','user_locations','2022-02-01 21:52:59','2022-02-01 21:52:59');
/*!40000 ALTER TABLE `permissions` ENABLE KEYS */;
UNLOCK TABLES;

--
-- Table structure for table `personal_access_tokens`
--

DROP TABLE IF EXISTS `personal_access_tokens`;
/*!40101 SET @saved_cs_client     = @@character_set_client */;
/*!50503 SET character_set_client = utf8mb4 */;
CREATE TABLE `personal_access_tokens` (
  `id` bigint unsigned NOT NULL AUTO_INCREMENT,
  `tokenable_type` varchar(255) COLLATE utf8mb4_unicode_ci NOT NULL,
  `tokenable_id` bigint unsigned NOT NULL,
  `name` varchar(255) COLLATE utf8mb4_unicode_ci NOT NULL,
  `token` varchar(64) COLLATE utf8mb4_unicode_ci NOT NULL,
  `abilities` text COLLATE utf8mb4_unicode_ci,
  `last_used_at` timestamp NULL DEFAULT NULL,
  `created_at` timestamp NULL DEFAULT NULL,
  `updated_at` timestamp NULL DEFAULT NULL,
  PRIMARY KEY (`id`),
  UNIQUE KEY `personal_access_tokens_token_unique` (`token`),
  KEY `personal_access_tokens_tokenable_type_tokenable_id_index` (`tokenable_type`,`tokenable_id`)
) ENGINE=InnoDB DEFAULT CHARSET=utf8mb4 COLLATE=utf8mb4_unicode_ci;
/*!40101 SET character_set_client = @saved_cs_client */;

--
-- Dumping data for table `personal_access_tokens`
--

LOCK TABLES `personal_access_tokens` WRITE;
/*!40000 ALTER TABLE `personal_access_tokens` DISABLE KEYS */;
/*!40000 ALTER TABLE `personal_access_tokens` ENABLE KEYS */;
UNLOCK TABLES;

--
-- Table structure for table `postalcodes`
--

DROP TABLE IF EXISTS `postalcodes`;
/*!40101 SET @saved_cs_client     = @@character_set_client */;
/*!50503 SET character_set_client = utf8mb4 */;
CREATE TABLE `postalcodes` (
  `id` bigint unsigned NOT NULL AUTO_INCREMENT,
  `postalcode` varchar(10) COLLATE utf8mb4_unicode_ci NOT NULL,
  `created_at` timestamp NULL DEFAULT NULL,
  `updated_at` timestamp NULL DEFAULT NULL,
  PRIMARY KEY (`id`)
) ENGINE=InnoDB DEFAULT CHARSET=utf8mb4 COLLATE=utf8mb4_unicode_ci;
/*!40101 SET character_set_client = @saved_cs_client */;

--
-- Dumping data for table `postalcodes`
--

LOCK TABLES `postalcodes` WRITE;
/*!40000 ALTER TABLE `postalcodes` DISABLE KEYS */;
/*!40000 ALTER TABLE `postalcodes` ENABLE KEYS */;
UNLOCK TABLES;

--
-- Table structure for table `roles`
--

DROP TABLE IF EXISTS `roles`;
/*!40101 SET @saved_cs_client     = @@character_set_client */;
/*!50503 SET character_set_client = utf8mb4 */;
CREATE TABLE `roles` (
  `id` bigint unsigned NOT NULL AUTO_INCREMENT,
  `name` varchar(255) COLLATE utf8mb4_unicode_ci NOT NULL,
  `display_name` varchar(255) COLLATE utf8mb4_unicode_ci NOT NULL,
  `created_at` timestamp NULL DEFAULT NULL,
  `updated_at` timestamp NULL DEFAULT NULL,
  PRIMARY KEY (`id`),
  UNIQUE KEY `roles_name_unique` (`name`)
) ENGINE=InnoDB AUTO_INCREMENT=3 DEFAULT CHARSET=utf8mb4 COLLATE=utf8mb4_unicode_ci;
/*!40101 SET character_set_client = @saved_cs_client */;

--
-- Dumping data for table `roles`
--

LOCK TABLES `roles` WRITE;
/*!40000 ALTER TABLE `roles` DISABLE KEYS */;
INSERT INTO `roles` VALUES (1,'admin','Administrator','2022-02-01 02:29:38','2022-02-01 02:29:38'),(2,'franqueado','Franqueado','2022-02-01 02:29:39','2022-02-05 22:46:33');
/*!40000 ALTER TABLE `roles` ENABLE KEYS */;
UNLOCK TABLES;

--
-- Table structure for table `settings`
--

DROP TABLE IF EXISTS `settings`;
/*!40101 SET @saved_cs_client     = @@character_set_client */;
/*!50503 SET character_set_client = utf8mb4 */;
CREATE TABLE `settings` (
  `id` int unsigned NOT NULL AUTO_INCREMENT,
  `key` varchar(255) COLLATE utf8mb4_unicode_ci NOT NULL,
  `display_name` varchar(255) COLLATE utf8mb4_unicode_ci NOT NULL,
  `value` text CHARACTER SET utf8mb4 COLLATE utf8mb4_unicode_ci,
  `details` text COLLATE utf8mb4_unicode_ci,
  `type` varchar(255) COLLATE utf8mb4_unicode_ci NOT NULL,
  `order` int NOT NULL DEFAULT '1',
  `group` varchar(255) COLLATE utf8mb4_unicode_ci DEFAULT NULL,
  PRIMARY KEY (`id`),
  UNIQUE KEY `settings_key_unique` (`key`)
) ENGINE=InnoDB AUTO_INCREMENT=11 DEFAULT CHARSET=utf8mb4 COLLATE=utf8mb4_unicode_ci;
/*!40101 SET character_set_client = @saved_cs_client */;

--
-- Dumping data for table `settings`
--

LOCK TABLES `settings` WRITE;
/*!40000 ALTER TABLE `settings` DISABLE KEYS */;
INSERT INTO `settings` VALUES (1,'site.title','Site Title','Site Title','','text',1,'Site'),(2,'site.description','Site Description','Site Description','','text',2,'Site'),(3,'site.logo','Site Logo','','','image',3,'Site'),(4,'site.google_analytics_tracking_id','Google Analytics Tracking ID',NULL,'','text',4,'Site'),(5,'admin.bg_image','Admin Background Image','settings/February2022/8gLwvMnYZFTeJ5aSHZdx.jpg','','image',5,'Admin'),(6,'admin.title','Admin Title','App Mardelle','','text',1,'Admin'),(7,'admin.description','Admin Description','Bem vindo ao sistema Mardelle','','text',2,'Admin'),(8,'admin.loader','Admin Loader','settings/February2022/ClRPySiCv9h9TLx9PVQz.png','','image',3,'Admin'),(9,'admin.icon_image','Admin Icon Image','settings/February2022/bLVMpFwQtcfCtPfJ0uHG.png','','image',4,'Admin'),(10,'admin.google_analytics_client_id','Google Analytics Client ID (used for admin dashboard)',NULL,'','text',1,'Admin');
/*!40000 ALTER TABLE `settings` ENABLE KEYS */;
UNLOCK TABLES;

--
-- Table structure for table `translations`
--

DROP TABLE IF EXISTS `translations`;
/*!40101 SET @saved_cs_client     = @@character_set_client */;
/*!50503 SET character_set_client = utf8mb4 */;
CREATE TABLE `translations` (
  `id` int unsigned NOT NULL AUTO_INCREMENT,
  `table_name` varchar(255) COLLATE utf8mb4_unicode_ci NOT NULL,
  `column_name` varchar(255) COLLATE utf8mb4_unicode_ci NOT NULL,
  `foreign_key` int unsigned NOT NULL,
  `locale` varchar(255) COLLATE utf8mb4_unicode_ci NOT NULL,
  `value` text COLLATE utf8mb4_unicode_ci NOT NULL,
  `created_at` timestamp NULL DEFAULT NULL,
  `updated_at` timestamp NULL DEFAULT NULL,
  PRIMARY KEY (`id`),
  UNIQUE KEY `translations_table_name_column_name_foreign_key_locale_unique` (`table_name`,`column_name`,`foreign_key`,`locale`)
) ENGINE=InnoDB DEFAULT CHARSET=utf8mb4 COLLATE=utf8mb4_unicode_ci;
/*!40101 SET character_set_client = @saved_cs_client */;

--
-- Dumping data for table `translations`
--

LOCK TABLES `translations` WRITE;
/*!40000 ALTER TABLE `translations` DISABLE KEYS */;
/*!40000 ALTER TABLE `translations` ENABLE KEYS */;
UNLOCK TABLES;

--
-- Table structure for table `trayaddress`
--

DROP TABLE IF EXISTS `trayaddress`;
/*!40101 SET @saved_cs_client     = @@character_set_client */;
/*!50503 SET character_set_client = utf8mb4 */;
CREATE TABLE `trayaddress` (
  `id` bigint unsigned NOT NULL AUTO_INCREMENT,
  `zip_code` varchar(255) COLLATE utf8mb4_unicode_ci NOT NULL,
  `city` varchar(255) COLLATE utf8mb4_unicode_ci NOT NULL,
  `state` varchar(255) COLLATE utf8mb4_unicode_ci NOT NULL,
  `neighborhood` varchar(255) COLLATE utf8mb4_unicode_ci NOT NULL,
  `country` varchar(255) COLLATE utf8mb4_unicode_ci NOT NULL,
  `json` text COLLATE utf8mb4_unicode_ci NOT NULL,
  `customer_id` bigint unsigned NOT NULL,
  `created_at` timestamp NULL DEFAULT NULL,
  `updated_at` timestamp NULL DEFAULT NULL,
  PRIMARY KEY (`id`),
  KEY `trayaddress_customer_id_index` (`customer_id`),
  CONSTRAINT `trayaddress_customer_id_foreign` FOREIGN KEY (`customer_id`) REFERENCES `traycustomers` (`customer_id`)
) ENGINE=InnoDB DEFAULT CHARSET=utf8mb4 COLLATE=utf8mb4_unicode_ci;
/*!40101 SET character_set_client = @saved_cs_client */;

--
-- Dumping data for table `trayaddress`
--

LOCK TABLES `trayaddress` WRITE;
/*!40000 ALTER TABLE `trayaddress` DISABLE KEYS */;
/*!40000 ALTER TABLE `trayaddress` ENABLE KEYS */;
UNLOCK TABLES;

--
-- Table structure for table `traycustomers`
--

DROP TABLE IF EXISTS `traycustomers`;
/*!40101 SET @saved_cs_client     = @@character_set_client */;
/*!50503 SET character_set_client = utf8mb4 */;
CREATE TABLE `traycustomers` (
  `id` bigint unsigned NOT NULL AUTO_INCREMENT,
  `customer_id` bigint unsigned NOT NULL,
  `cpf` varchar(255) COLLATE utf8mb4_unicode_ci NOT NULL,
  `cnpj` varchar(255) COLLATE utf8mb4_unicode_ci NOT NULL,
  `name` varchar(255) COLLATE utf8mb4_unicode_ci NOT NULL,
  `email` varchar(255) COLLATE utf8mb4_unicode_ci NOT NULL,
  `city` varchar(255) COLLATE utf8mb4_unicode_ci NOT NULL,
  `state` char(2) COLLATE utf8mb4_unicode_ci NOT NULL,
  `created_at` timestamp NULL DEFAULT NULL,
  `updated_at` timestamp NULL DEFAULT NULL,
  `zip_code` varchar(10) COLLATE utf8mb4_unicode_ci DEFAULT NULL,
  PRIMARY KEY (`id`),
  KEY `traycustomers_customer_id_index` (`customer_id`)
) ENGINE=InnoDB AUTO_INCREMENT=2 DEFAULT CHARSET=utf8mb4 COLLATE=utf8mb4_unicode_ci;
/*!40101 SET character_set_client = @saved_cs_client */;

--
-- Dumping data for table `traycustomers`
--

LOCK TABLES `traycustomers` WRITE;
/*!40000 ALTER TABLE `traycustomers` DISABLE KEYS */;
INSERT INTO `traycustomers` VALUES (1,333999345,'19977484015','','Total da nota','daniel@idsinfo.com.br','Maringa','PR','2022-02-05 22:36:25','2022-02-05 22:36:25','87013-929');
/*!40000 ALTER TABLE `traycustomers` ENABLE KEYS */;
UNLOCK TABLES;

--
-- Table structure for table `trayothers`
--

DROP TABLE IF EXISTS `trayothers`;
/*!40101 SET @saved_cs_client     = @@character_set_client */;
/*!50503 SET character_set_client = utf8mb4 */;
CREATE TABLE `trayothers` (
  `id` bigint unsigned NOT NULL AUTO_INCREMENT,
  `order_id` bigint unsigned NOT NULL,
  `customer_id` bigint unsigned NOT NULL,
  `total` decimal(8,2) DEFAULT NULL,
  `partial_total` decimal(8,2) NOT NULL,
  `date` date DEFAULT NULL,
  `payment_form` varchar(255) COLLATE utf8mb4_unicode_ci DEFAULT NULL,
  `payment_date` date DEFAULT NULL,
  `access_code` varchar(255) COLLATE utf8mb4_unicode_ci DEFAULT NULL,
  `coupon_discount` varchar(255) COLLATE utf8mb4_unicode_ci DEFAULT NULL,
  `status` varchar(255) COLLATE utf8mb4_unicode_ci DEFAULT NULL,
  `json` text COLLATE utf8mb4_unicode_ci NOT NULL,
  `created_at` timestamp NULL DEFAULT NULL,
  `updated_at` timestamp NULL DEFAULT NULL,
  PRIMARY KEY (`id`),
  KEY `trayothers_order_id_index` (`order_id`),
  KEY `trayothers_customer_id_index` (`customer_id`)
) ENGINE=InnoDB AUTO_INCREMENT=91 DEFAULT CHARSET=utf8mb4 COLLATE=utf8mb4_unicode_ci;
/*!40101 SET character_set_client = @saved_cs_client */;

--
-- Dumping data for table `trayothers`
--

LOCK TABLES `trayothers` WRITE;
/*!40000 ALTER TABLE `trayothers` DISABLE KEYS */;
INSERT INTO `trayothers` VALUES (1,1276507,33319,100.00,100.00,'2020-10-13','',NULL,'72478FAA727A7B71276507',NULL,'A ENVIAR ELO','{\"status\":\"A ENVIAR ELO\",\"id\":\"1276507\",\"date\":\"2020-10-13\",\"customer_id\":\"33319\",\"partial_total\":\"100.00\",\"taxes\":\"0.00\",\"discount\":\"0.00\",\"point_sale\":\"PARTICULAR\",\"shipment\":\"\",\"shipment_value\":\"0.00\",\"shipment_date\":\"\",\"store_note\":\"\",\"discount_coupon\":\"\",\"payment_method_rate\":\"0.00\",\"value_1\":\"0.00\",\"payment_form\":\"\",\"sending_code\":\"\",\"session_id\":\"beff981ca86633dce24032623a\",\"total\":\"100.00\",\"payment_date\":null,\"access_code\":\"72478FAA727A7B71276507\",\"progressive_discount\":\"0.00\",\"shipping_progressive_discount\":\"0.00\",\"shipment_integrator\":\"\",\"modified\":\"2020-10-13 11:34:00\",\"printed\":\"\",\"interest\":\"0.00\",\"cart_additional_values_discount\":\"0.00\",\"cart_additional_values_increase\":\"0.00\",\"id_quotation\":\"\",\"estimated_delivery_date\":\"\",\"external_code\":\"\",\"has_payment\":\"0\",\"has_shipment\":\"0\",\"has_invoice\":\"0\",\"total_comission_user\":\"0.00\",\"total_comission\":\"0.00\",\"is_traceable\":\"\",\"OrderStatus\":[],\"PickupLocation\":[],\"ProductsSold\":[{\"id\":\"30531\"}],\"Payment\":[],\"OrderInvoice\":[],\"MlOrder\":[],\"OrderTransactions\":[],\"MarketplaceOrder\":[],\"Extensions\":[],\"order_id\":\"1276507\"}','2022-02-05 21:55:57','2022-02-05 21:55:57'),(2,1276519,333999449,138.93,100.00,'2020-10-13','Dinheiro',NULL,'F3A965CC7C78A6A',NULL,'A ENVIAR ELO','{\"status\":\"A ENVIAR ELO\",\"id\":\"1276519\",\"date\":\"2020-10-13\",\"customer_id\":\"333999449\",\"partial_total\":\"100.00\",\"taxes\":\"0.00\",\"discount\":\"16.67\",\"point_sale\":\"LOJA VIRTUAL\",\"shipment\":\"SEDEX\",\"shipment_value\":\"55.60\",\"shipment_date\":\"0000-00-00\",\"store_note\":\"13\\/10\\/2020 14:15:15 Pedido em 1 vez de R$ 138.93 atrav\\u00e9s do Dinheiro - Outras formas\",\"discount_coupon\":\"\",\"payment_method_rate\":\"0.00\",\"value_1\":\"0.00\",\"payment_form\":\"Dinheiro\",\"sending_code\":\"\",\"session_id\":\"duu4lgqqec4ktrbap8uegkdbj0\",\"total\":\"138.93\",\"payment_date\":null,\"access_code\":\"F3A965CC7C78A6A\",\"progressive_discount\":\"15.00\",\"shipping_progressive_discount\":\"1.67\",\"shipment_integrator\":\"Correios\",\"modified\":\"2020-10-13 14:15:49\",\"printed\":\"\",\"interest\":\"0.00\",\"cart_additional_values_discount\":\"0.00\",\"cart_additional_values_increase\":\"0.00\",\"id_quotation\":\"\",\"estimated_delivery_date\":\"2020-10-16\",\"external_code\":\"\",\"has_payment\":\"0\",\"has_shipment\":\"0\",\"has_invoice\":\"0\",\"total_comission_user\":\"0.00\",\"total_comission\":\"0.00\",\"is_traceable\":\"\",\"OrderStatus\":[],\"PickupLocation\":[],\"ProductsSold\":[{\"id\":\"30543\"}],\"Payment\":[],\"OrderInvoice\":[],\"MlOrder\":[],\"OrderTransactions\":[],\"MarketplaceOrder\":[],\"Extensions\":[],\"order_id\":\"1276519\"}','2022-02-05 21:55:57','2022-02-05 21:55:57'),(3,1276573,33319,100.00,100.00,'2020-10-14','',NULL,'55CAFED9C7C28931276573',NULL,'A ENVIAR AURA','{\"status\":\"A ENVIAR AURA\",\"id\":\"1276573\",\"date\":\"2020-10-14\",\"customer_id\":\"33319\",\"partial_total\":\"100.00\",\"taxes\":\"0.00\",\"discount\":\"0.00\",\"point_sale\":\"PARTICULAR\",\"shipment\":\"\",\"shipment_value\":\"0.00\",\"shipment_date\":\"0000-00-00\",\"store_note\":\"\",\"discount_coupon\":\"\",\"payment_method_rate\":\"0.00\",\"value_1\":\"0.00\",\"payment_form\":\"\",\"sending_code\":\"\",\"session_id\":\"11c3f055eca665b04fa2ddb83b\",\"total\":\"100.00\",\"payment_date\":null,\"access_code\":\"55CAFED9C7C28931276573\",\"progressive_discount\":\"0.00\",\"shipping_progressive_discount\":\"0.00\",\"shipment_integrator\":\"\",\"modified\":\"2020-10-14 16:11:47\",\"printed\":\"\",\"interest\":\"0.00\",\"cart_additional_values_discount\":\"0.00\",\"cart_additional_values_increase\":\"0.00\",\"id_quotation\":\"\",\"estimated_delivery_date\":\"\",\"external_code\":\"\",\"has_payment\":\"0\",\"has_shipment\":\"0\",\"has_invoice\":\"0\",\"total_comission_user\":\"0.00\",\"total_comission\":\"0.00\",\"is_traceable\":\"\",\"OrderStatus\":[],\"PickupLocation\":[],\"ProductsSold\":[{\"id\":\"30603\"}],\"Payment\":[],\"OrderInvoice\":[],\"MlOrder\":[],\"OrderTransactions\":[],\"MarketplaceOrder\":[],\"Extensions\":[],\"order_id\":\"1276573\"}','2022-02-05 21:55:58','2022-02-05 21:55:58'),(4,1276579,640,9.90,9.90,'2020-10-14','',NULL,'6F2AA716DC33D941276579',NULL,'A ENVIAR AURA','{\"status\":\"A ENVIAR AURA\",\"id\":\"1276579\",\"date\":\"2020-10-14\",\"customer_id\":\"640\",\"partial_total\":\"9.90\",\"taxes\":\"0.00\",\"discount\":\"0.00\",\"point_sale\":\"PARTICULAR\",\"shipment\":\"\",\"shipment_value\":\"0.00\",\"shipment_date\":\"0000-00-00\",\"store_note\":\"teste1asassa\\r\\n\\r\\n\",\"discount_coupon\":\"\",\"payment_method_rate\":\"0.00\",\"value_1\":\"0.00\",\"payment_form\":\"\",\"sending_code\":\"\",\"session_id\":\"dba7eb3de2b8442b84f048e2d7\",\"total\":\"9.90\",\"payment_date\":null,\"access_code\":\"6F2AA716DC33D941276579\",\"progressive_discount\":\"0.00\",\"shipping_progressive_discount\":\"0.00\",\"shipment_integrator\":\"\",\"modified\":\"2020-10-14 17:08:43\",\"printed\":\"\",\"interest\":\"0.00\",\"cart_additional_values_discount\":\"0.00\",\"cart_additional_values_increase\":\"0.00\",\"id_quotation\":\"\",\"estimated_delivery_date\":\"\",\"external_code\":\"\",\"has_payment\":\"0\",\"has_shipment\":\"0\",\"has_invoice\":\"0\",\"total_comission_user\":\"0.00\",\"total_comission\":\"0.00\",\"is_traceable\":\"\",\"OrderStatus\":[],\"PickupLocation\":[],\"ProductsSold\":[{\"id\":\"30611\"}],\"Payment\":[],\"OrderInvoice\":[],\"MlOrder\":[],\"OrderTransactions\":[],\"MarketplaceOrder\":[],\"Extensions\":[],\"order_id\":\"1276579\"}','2022-02-05 21:55:58','2022-02-05 21:55:58'),(5,1276585,333999449,138.93,100.00,'2020-10-14','Dinheiro',NULL,'1631D981F84E1BE',NULL,'A ENVIAR ELO','{\"status\":\"A ENVIAR ELO\",\"id\":\"1276585\",\"date\":\"2020-10-14\",\"customer_id\":\"333999449\",\"partial_total\":\"100.00\",\"taxes\":\"0.00\",\"discount\":\"16.67\",\"point_sale\":\"LOJA VIRTUAL\",\"shipment\":\"SEDEX\",\"shipment_value\":\"55.60\",\"shipment_date\":\"0000-00-00\",\"store_note\":\"14\\/10\\/2020 18:25:25 Pedido em 1 vez de R$ 138.93 atrav\\u00e9s do Dinheiro - Outras formas\",\"discount_coupon\":\"\",\"payment_method_rate\":\"0.00\",\"value_1\":\"0.00\",\"payment_form\":\"Dinheiro\",\"sending_code\":\"\",\"session_id\":\"duu4lgqqec4ktrbap8uegkdbj0\",\"total\":\"138.93\",\"payment_date\":null,\"access_code\":\"1631D981F84E1BE\",\"progressive_discount\":\"15.00\",\"shipping_progressive_discount\":\"1.67\",\"shipment_integrator\":\"Correios\",\"modified\":\"2020-10-14 18:25:38\",\"printed\":\"\",\"interest\":\"0.00\",\"cart_additional_values_discount\":\"0.00\",\"cart_additional_values_increase\":\"0.00\",\"id_quotation\":\"\",\"estimated_delivery_date\":\"2020-10-19\",\"external_code\":\"\",\"has_payment\":\"0\",\"has_shipment\":\"0\",\"has_invoice\":\"0\",\"total_comission_user\":\"0.00\",\"total_comission\":\"0.00\",\"is_traceable\":\"\",\"OrderStatus\":[],\"PickupLocation\":[],\"ProductsSold\":[{\"id\":\"30617\"}],\"Payment\":[],\"OrderInvoice\":[],\"MlOrder\":[],\"OrderTransactions\":[],\"MarketplaceOrder\":[],\"Extensions\":[],\"order_id\":\"1276585\"}','2022-02-05 21:55:58','2022-02-05 21:55:58'),(6,1276589,333999449,138.93,100.00,'2020-10-14','Dinheiro',NULL,'CE0098D7A32325D',NULL,'A ENVIAR ELO','{\"status\":\"A ENVIAR ELO\",\"id\":\"1276589\",\"date\":\"2020-10-14\",\"customer_id\":\"333999449\",\"partial_total\":\"100.00\",\"taxes\":\"0.00\",\"discount\":\"16.67\",\"point_sale\":\"LOJA VIRTUAL\",\"shipment\":\"SEDEX\",\"shipment_value\":\"55.60\",\"shipment_date\":\"0000-00-00\",\"store_note\":\"14\\/10\\/2020 18:39:12 Pedido em 1 vez de R$ 138.93 atrav\\u00e9s do Dinheiro - Outras formas\",\"discount_coupon\":\"\",\"payment_method_rate\":\"0.00\",\"value_1\":\"0.00\",\"payment_form\":\"Dinheiro\",\"sending_code\":\"\",\"session_id\":\"duu4lgqqec4ktrbap8uegkdbj0\",\"total\":\"138.93\",\"payment_date\":null,\"access_code\":\"CE0098D7A32325D\",\"progressive_discount\":\"15.00\",\"shipping_progressive_discount\":\"1.67\",\"shipment_integrator\":\"Correios\",\"modified\":\"2020-10-14 18:39:25\",\"printed\":\"\",\"interest\":\"0.00\",\"cart_additional_values_discount\":\"0.00\",\"cart_additional_values_increase\":\"0.00\",\"id_quotation\":\"\",\"estimated_delivery_date\":\"2020-10-19\",\"external_code\":\"\",\"has_payment\":\"0\",\"has_shipment\":\"0\",\"has_invoice\":\"0\",\"total_comission_user\":\"0.00\",\"total_comission\":\"0.00\",\"is_traceable\":\"\",\"OrderStatus\":[],\"PickupLocation\":[],\"ProductsSold\":[{\"id\":\"30621\"}],\"Payment\":[],\"OrderInvoice\":[],\"MlOrder\":[],\"OrderTransactions\":[],\"MarketplaceOrder\":[],\"Extensions\":[],\"order_id\":\"1276589\"}','2022-02-05 21:55:58','2022-02-05 21:55:58'),(7,1276605,333999383,37.36,14.50,'2020-10-15','Dinheiro',NULL,'76168EB042EFBA0',NULL,'A ENVIAR SYM','{\"status\":\"A ENVIAR SYM\",\"id\":\"1276605\",\"date\":\"2020-10-15\",\"customer_id\":\"333999383\",\"partial_total\":\"14.50\",\"taxes\":\"0.00\",\"discount\":\"2.94\",\"point_sale\":\"LOJA VIRTUAL\",\"shipment\":\"SEDEX\",\"shipment_value\":\"25.80\",\"shipment_date\":\"0000-00-00\",\"store_note\":\"15\\/10\\/2020 10:16:26 Pedido em 1 vez de R$ 37.36 atrav\\u00e9s do Dinheiro - Outras formas\",\"discount_coupon\":\"\",\"payment_method_rate\":\"0.00\",\"value_1\":\"0.00\",\"payment_form\":\"Dinheiro\",\"sending_code\":\"\",\"session_id\":\"3iaolqk65hbgh3g902q3eqfp32\",\"total\":\"37.36\",\"payment_date\":null,\"access_code\":\"76168EB042EFBA0\",\"progressive_discount\":\"2.17\",\"shipping_progressive_discount\":\"0.77\",\"shipment_integrator\":\"Correios\",\"modified\":\"2020-11-17 20:39:41\",\"printed\":\"\",\"interest\":\"0.00\",\"cart_additional_values_discount\":\"0.00\",\"cart_additional_values_increase\":\"0.00\",\"id_quotation\":\"\",\"estimated_delivery_date\":\"2020-10-20\",\"external_code\":\"\",\"has_payment\":\"0\",\"has_shipment\":\"0\",\"has_invoice\":\"1\",\"total_comission_user\":\"0.00\",\"total_comission\":\"0.00\",\"is_traceable\":\"\",\"OrderStatus\":[],\"PickupLocation\":[],\"ProductsSold\":[{\"id\":\"30653\"}],\"Payment\":[],\"OrderInvoice\":[{\"id\":\"1276607\",\"link\":\"\"}],\"MlOrder\":[],\"OrderTransactions\":[],\"MarketplaceOrder\":[],\"Extensions\":[],\"InvoiceIssuer\":{\"application\":\"Emissor NFe\",\"url\":\"https:\\/\\/erp.tiny.com.br\\/webhook\\/api\\/v1\\/tray\\/6979\\/701338b47b7ad1b2e0ca54f15bec67116829fb6c\\/faturador?store_id=391250&id=1276605\"},\"order_id\":\"1276605\"}','2022-02-05 21:55:58','2022-02-05 21:55:58'),(8,1276739,34053,1266.18,1219.48,'2020-10-19','',NULL,'758753FF48578CE1276739',NULL,'A ENVIAR AURA','{\"status\":\"A ENVIAR AURA\",\"id\":\"1276739\",\"date\":\"2020-10-19\",\"customer_id\":\"34053\",\"partial_total\":\"1219.48\",\"taxes\":\"0.00\",\"discount\":\"0.00\",\"point_sale\":\"PARTICULAR\",\"shipment\":\"correios (Frete Fixo)\",\"shipment_value\":\"46.70\",\"shipment_date\":\"0000-00-00\",\"store_note\":\"\",\"discount_coupon\":\"\",\"payment_method_rate\":\"0.00\",\"value_1\":\"0.00\",\"payment_form\":\"\",\"sending_code\":\"\",\"session_id\":\"38f3e9b200bf6f563f0c04b354\",\"total\":\"1266.18\",\"payment_date\":null,\"access_code\":\"758753FF48578CE1276739\",\"progressive_discount\":\"0.00\",\"shipping_progressive_discount\":\"0.00\",\"shipment_integrator\":\"\",\"modified\":\"2020-10-19 16:02:46\",\"printed\":\"\",\"interest\":\"0.00\",\"cart_additional_values_discount\":\"0.00\",\"cart_additional_values_increase\":\"0.00\",\"id_quotation\":\"\",\"estimated_delivery_date\":\"\",\"external_code\":\"\",\"has_payment\":\"0\",\"has_shipment\":\"0\",\"has_invoice\":\"0\",\"total_comission_user\":\"0.00\",\"total_comission\":\"0.00\",\"is_traceable\":\"\",\"OrderStatus\":[],\"PickupLocation\":[],\"ProductsSold\":[{\"id\":\"30847\"},{\"id\":\"30849\"},{\"id\":\"30851\"},{\"id\":\"30853\"}],\"Payment\":[],\"OrderInvoice\":[],\"MlOrder\":[],\"OrderTransactions\":[],\"MarketplaceOrder\":[],\"Extensions\":[],\"order_id\":\"1276739\"}','2022-02-05 21:55:59','2022-02-05 21:55:59'),(9,1276777,333999345,54.90,42.90,'2020-10-19','',NULL,'2D2853704FC917A',NULL,'A ENVIAR PAGSEGURO','{\"status\":\"A ENVIAR PAGSEGURO\",\"id\":\"1276777\",\"date\":\"2020-10-19\",\"customer_id\":\"333999345\",\"partial_total\":\"42.90\",\"taxes\":\"0.00\",\"discount\":\"0.00\",\"point_sale\":\"PARTICULAR\",\"shipment\":\"Sedex\",\"shipment_value\":\"12.00\",\"shipment_date\":\"0000-00-00\",\"store_note\":\"\",\"discount_coupon\":\"\",\"payment_method_rate\":\"0.00\",\"value_1\":\"0.00\",\"payment_form\":\"\",\"sending_code\":\"\",\"session_id\":\"\",\"total\":\"54.90\",\"payment_date\":null,\"access_code\":\"2D2853704FC917A\",\"progressive_discount\":\"0.00\",\"shipping_progressive_discount\":\"0.00\",\"shipment_integrator\":\"\",\"modified\":\"2020-10-19 21:20:35\",\"printed\":\"\",\"interest\":\"0.00\",\"cart_additional_values_discount\":\"0.00\",\"cart_additional_values_increase\":\"0.00\",\"id_quotation\":\"\",\"estimated_delivery_date\":\"\",\"external_code\":\"3311\",\"has_payment\":\"0\",\"has_shipment\":\"0\",\"has_invoice\":\"0\",\"total_comission_user\":\"0.00\",\"total_comission\":\"0.00\",\"is_traceable\":\"\",\"OrderStatus\":[],\"PickupLocation\":[],\"ProductsSold\":[{\"id\":\"30911\"}],\"Payment\":[],\"OrderInvoice\":[],\"MlOrder\":[],\"OrderTransactions\":[],\"MarketplaceOrder\":[],\"Extensions\":[],\"order_id\":\"1276777\"}','2022-02-05 21:55:59','2022-02-05 21:55:59'),(10,1276779,333999405,28.50,28.50,'2020-10-20','',NULL,'15324294CFC8BC91276779',NULL,'A ENVIAR AURA','{\"status\":\"A ENVIAR AURA\",\"id\":\"1276779\",\"date\":\"2020-10-20\",\"customer_id\":\"333999405\",\"partial_total\":\"28.50\",\"taxes\":\"0.00\",\"discount\":\"0.00\",\"point_sale\":\"PARTICULAR\",\"shipment\":\"\",\"shipment_value\":\"0.00\",\"shipment_date\":\"0000-00-00\",\"store_note\":\"\",\"discount_coupon\":\"\",\"payment_method_rate\":\"0.00\",\"value_1\":\"0.00\",\"payment_form\":\"\",\"sending_code\":\"\",\"session_id\":\"abd6a3dfffb8f9eca3a87de1fa\",\"total\":\"28.50\",\"payment_date\":null,\"access_code\":\"15324294CFC8BC91276779\",\"progressive_discount\":\"0.00\",\"shipping_progressive_discount\":\"0.00\",\"shipment_integrator\":\"\",\"modified\":\"2020-10-20 09:24:13\",\"printed\":\"\",\"interest\":\"0.00\",\"cart_additional_values_discount\":\"0.00\",\"cart_additional_values_increase\":\"0.00\",\"id_quotation\":\"\",\"estimated_delivery_date\":\"\",\"external_code\":\"\",\"has_payment\":\"0\",\"has_shipment\":\"0\",\"has_invoice\":\"0\",\"total_comission_user\":\"0.00\",\"total_comission\":\"0.00\",\"is_traceable\":\"\",\"OrderStatus\":[],\"PickupLocation\":[],\"ProductsSold\":[{\"id\":\"30913\"},{\"id\":\"30915\"},{\"id\":\"30917\"}],\"Payment\":[],\"OrderInvoice\":[],\"MlOrder\":[],\"OrderTransactions\":[],\"MarketplaceOrder\":[],\"Extensions\":[],\"order_id\":\"1276779\"}','2022-02-05 21:55:59','2022-02-05 21:55:59'),(11,1276875,333999405,31.50,31.50,'2020-10-21','',NULL,'CCB347CD6524C221276875',NULL,'A ENVIAR AURA','{\"status\":\"A ENVIAR AURA\",\"id\":\"1276875\",\"date\":\"2020-10-21\",\"customer_id\":\"333999405\",\"partial_total\":\"31.50\",\"taxes\":\"0.00\",\"discount\":\"0.00\",\"point_sale\":\"PARTICULAR\",\"shipment\":\"\",\"shipment_value\":\"0.00\",\"shipment_date\":\"0000-00-00\",\"store_note\":\"\",\"discount_coupon\":\"\",\"payment_method_rate\":\"0.00\",\"value_1\":\"0.00\",\"payment_form\":\"\",\"sending_code\":\"\",\"session_id\":\"8edbbe5fe95f5e09ec8e99cbf0\",\"total\":\"31.50\",\"payment_date\":null,\"access_code\":\"CCB347CD6524C221276875\",\"progressive_discount\":\"0.00\",\"shipping_progressive_discount\":\"0.00\",\"shipment_integrator\":\"\",\"modified\":\"2020-10-21 11:51:11\",\"printed\":\"\",\"interest\":\"0.00\",\"cart_additional_values_discount\":\"0.00\",\"cart_additional_values_increase\":\"0.00\",\"id_quotation\":\"\",\"estimated_delivery_date\":\"\",\"external_code\":\"\",\"has_payment\":\"0\",\"has_shipment\":\"0\",\"has_invoice\":\"0\",\"total_comission_user\":\"0.00\",\"total_comission\":\"0.00\",\"is_traceable\":\"\",\"OrderStatus\":[],\"PickupLocation\":[],\"ProductsSold\":[{\"id\":\"31057\"},{\"id\":\"31059\"}],\"Payment\":[],\"OrderInvoice\":[],\"MlOrder\":[],\"OrderTransactions\":[],\"MarketplaceOrder\":[],\"Extensions\":[],\"order_id\":\"1276875\"}','2022-02-05 21:55:59','2022-02-05 21:55:59'),(12,1276889,333999463,450.00,410.00,'2020-10-21','',NULL,'711A8B6587DCA681276889',NULL,'A ENVIAR AURA','{\"status\":\"A ENVIAR AURA\",\"id\":\"1276889\",\"date\":\"2020-10-21\",\"customer_id\":\"333999463\",\"partial_total\":\"410.00\",\"taxes\":\"0.00\",\"discount\":\"0.00\",\"point_sale\":\"PARTICULAR\",\"shipment\":\" (Frete Fixo)\",\"shipment_value\":\"40.00\",\"shipment_date\":\"0000-00-00\",\"store_note\":\"\",\"discount_coupon\":\"\",\"payment_method_rate\":\"0.00\",\"value_1\":\"0.00\",\"payment_form\":\"\",\"sending_code\":\"\",\"session_id\":\"d810b766297064b21947ee903f\",\"total\":\"450.00\",\"payment_date\":null,\"access_code\":\"711A8B6587DCA681276889\",\"progressive_discount\":\"0.00\",\"shipping_progressive_discount\":\"0.00\",\"shipment_integrator\":\"\",\"modified\":\"2020-10-21 15:43:41\",\"printed\":\"\",\"interest\":\"0.00\",\"cart_additional_values_discount\":\"0.00\",\"cart_additional_values_increase\":\"0.00\",\"id_quotation\":\"\",\"estimated_delivery_date\":\"2020-10-21\",\"external_code\":\"\",\"has_payment\":\"0\",\"has_shipment\":\"0\",\"has_invoice\":\"0\",\"total_comission_user\":\"0.00\",\"total_comission\":\"0.00\",\"is_traceable\":\"\",\"OrderStatus\":[],\"PickupLocation\":[],\"ProductsSold\":[{\"id\":\"31075\"},{\"id\":\"31077\"}],\"Payment\":[],\"OrderInvoice\":[],\"MlOrder\":[],\"OrderTransactions\":[],\"MarketplaceOrder\":[],\"Extensions\":[],\"order_id\":\"1276889\"}','2022-02-05 21:55:59','2022-02-05 21:55:59'),(13,1276927,333999405,55.00,55.00,'2020-10-22','',NULL,'2D6EB589E7D94B51276927',NULL,'A ENVIAR AURA','{\"status\":\"A ENVIAR AURA\",\"id\":\"1276927\",\"date\":\"2020-10-22\",\"customer_id\":\"333999405\",\"partial_total\":\"55.00\",\"taxes\":\"0.00\",\"discount\":\"0.00\",\"point_sale\":\"PARTICULAR\",\"shipment\":\"\",\"shipment_value\":\"0.00\",\"shipment_date\":\"0000-00-00\",\"store_note\":\"\",\"discount_coupon\":\"\",\"payment_method_rate\":\"0.00\",\"value_1\":\"0.00\",\"payment_form\":\"\",\"sending_code\":\"\",\"session_id\":\"d1bd1863493f72ed34f4cb653e\",\"total\":\"55.00\",\"payment_date\":null,\"access_code\":\"2D6EB589E7D94B51276927\",\"progressive_discount\":\"0.00\",\"shipping_progressive_discount\":\"0.00\",\"shipment_integrator\":\"\",\"modified\":\"2020-10-22 11:50:39\",\"printed\":\"\",\"interest\":\"0.00\",\"cart_additional_values_discount\":\"0.00\",\"cart_additional_values_increase\":\"0.00\",\"id_quotation\":\"\",\"estimated_delivery_date\":\"\",\"external_code\":\"\",\"has_payment\":\"0\",\"has_shipment\":\"0\",\"has_invoice\":\"0\",\"total_comission_user\":\"0.00\",\"total_comission\":\"0.00\",\"is_traceable\":\"\",\"OrderStatus\":[],\"PickupLocation\":[],\"ProductsSold\":[{\"id\":\"31171\"},{\"id\":\"31173\"}],\"Payment\":[],\"OrderInvoice\":[],\"MlOrder\":[],\"OrderTransactions\":[],\"MarketplaceOrder\":[],\"Extensions\":[],\"order_id\":\"1276927\"}','2022-02-05 21:55:59','2022-02-05 21:55:59'),(14,1276929,333999421,10.90,10.90,'2020-10-22','',NULL,'73FCB2FD99414C31276929',NULL,'A ENVIAR AURA','{\"status\":\"A ENVIAR AURA\",\"id\":\"1276929\",\"date\":\"2020-10-22\",\"customer_id\":\"333999421\",\"partial_total\":\"10.90\",\"taxes\":\"0.00\",\"discount\":\"0.00\",\"point_sale\":\"PARTICULAR\",\"shipment\":\"\",\"shipment_value\":\"0.00\",\"shipment_date\":\"0000-00-00\",\"store_note\":\"\",\"discount_coupon\":\"\",\"payment_method_rate\":\"0.00\",\"value_1\":\"0.00\",\"payment_form\":\"\",\"sending_code\":\"\",\"session_id\":\"14bb9771f2645c2bc8759b1fa9\",\"total\":\"10.90\",\"payment_date\":null,\"access_code\":\"73FCB2FD99414C31276929\",\"progressive_discount\":\"0.00\",\"shipping_progressive_discount\":\"0.00\",\"shipment_integrator\":\"\",\"modified\":\"2020-10-22 12:07:21\",\"printed\":\"\",\"interest\":\"0.00\",\"cart_additional_values_discount\":\"0.00\",\"cart_additional_values_increase\":\"0.00\",\"id_quotation\":\"\",\"estimated_delivery_date\":\"\",\"external_code\":\"\",\"has_payment\":\"0\",\"has_shipment\":\"0\",\"has_invoice\":\"0\",\"total_comission_user\":\"0.00\",\"total_comission\":\"0.00\",\"is_traceable\":\"\",\"OrderStatus\":[],\"PickupLocation\":[],\"ProductsSold\":[{\"id\":\"31175\"}],\"Payment\":[],\"OrderInvoice\":[],\"MlOrder\":[],\"OrderTransactions\":[],\"MarketplaceOrder\":[],\"Extensions\":[],\"order_id\":\"1276929\"}','2022-02-05 21:55:59','2022-02-05 21:55:59'),(15,1276937,333999473,155.00,155.00,'2020-10-22','',NULL,'66A5B828DEFFC231276937',NULL,'A ENVIAR AURA','{\"status\":\"A ENVIAR AURA\",\"id\":\"1276937\",\"date\":\"2020-10-22\",\"customer_id\":\"333999473\",\"partial_total\":\"155.00\",\"taxes\":\"0.00\",\"discount\":\"0.00\",\"point_sale\":\"PARTICULAR\",\"shipment\":\"\",\"shipment_value\":\"0.00\",\"shipment_date\":\"0000-00-00\",\"store_note\":\"\",\"discount_coupon\":\"\",\"payment_method_rate\":\"0.00\",\"value_1\":\"0.00\",\"payment_form\":\"\",\"sending_code\":\"\",\"session_id\":\"4f0fb441d9efd36a340ce23ad6\",\"total\":\"155.00\",\"payment_date\":null,\"access_code\":\"66A5B828DEFFC231276937\",\"progressive_discount\":\"0.00\",\"shipping_progressive_discount\":\"0.00\",\"shipment_integrator\":\"\",\"modified\":\"2020-10-22 14:01:17\",\"printed\":\"\",\"interest\":\"0.00\",\"cart_additional_values_discount\":\"0.00\",\"cart_additional_values_increase\":\"0.00\",\"id_quotation\":\"\",\"estimated_delivery_date\":\"\",\"external_code\":\"\",\"has_payment\":\"0\",\"has_shipment\":\"0\",\"has_invoice\":\"0\",\"total_comission_user\":\"0.00\",\"total_comission\":\"0.00\",\"is_traceable\":\"\",\"OrderStatus\":[],\"PickupLocation\":[],\"ProductsSold\":[{\"id\":\"31183\"},{\"id\":\"31185\"},{\"id\":\"31187\"},{\"id\":\"31189\"},{\"id\":\"31191\"}],\"Payment\":[],\"OrderInvoice\":[],\"MlOrder\":[],\"OrderTransactions\":[],\"MarketplaceOrder\":[],\"Extensions\":[],\"order_id\":\"1276937\"}','2022-02-05 21:56:00','2022-02-05 21:56:00'),(16,1276939,333999405,297.50,297.50,'2020-10-22','',NULL,'24F64EC5C4C576D1276939',NULL,'A ENVIAR AURA','{\"status\":\"A ENVIAR AURA\",\"id\":\"1276939\",\"date\":\"2020-10-22\",\"customer_id\":\"333999405\",\"partial_total\":\"297.50\",\"taxes\":\"0.00\",\"discount\":\"0.00\",\"point_sale\":\"PARTICULAR\",\"shipment\":\"\",\"shipment_value\":\"0.00\",\"shipment_date\":\"0000-00-00\",\"store_note\":\"\",\"discount_coupon\":\"\",\"payment_method_rate\":\"0.00\",\"value_1\":\"0.00\",\"payment_form\":\"\",\"sending_code\":\"\",\"session_id\":\"135c09f8744f987d7888d1c7c7\",\"total\":\"297.50\",\"payment_date\":null,\"access_code\":\"24F64EC5C4C576D1276939\",\"progressive_discount\":\"0.00\",\"shipping_progressive_discount\":\"0.00\",\"shipment_integrator\":\"\",\"modified\":\"2020-10-22 14:03:32\",\"printed\":\"\",\"interest\":\"0.00\",\"cart_additional_values_discount\":\"0.00\",\"cart_additional_values_increase\":\"0.00\",\"id_quotation\":\"\",\"estimated_delivery_date\":\"\",\"external_code\":\"\",\"has_payment\":\"0\",\"has_shipment\":\"0\",\"has_invoice\":\"0\",\"total_comission_user\":\"0.00\",\"total_comission\":\"0.00\",\"is_traceable\":\"\",\"OrderStatus\":[],\"PickupLocation\":[],\"ProductsSold\":[{\"id\":\"31193\"},{\"id\":\"31195\"},{\"id\":\"31197\"},{\"id\":\"31199\"},{\"id\":\"31201\"},{\"id\":\"31203\"}],\"Payment\":[],\"OrderInvoice\":[],\"MlOrder\":[],\"OrderTransactions\":[],\"MarketplaceOrder\":[],\"Extensions\":[],\"order_id\":\"1276939\"}','2022-02-05 21:56:00','2022-02-05 21:56:00'),(17,1276941,333999475,24.30,24.30,'2020-10-22','',NULL,'F32195DE73416961276941',NULL,'A ENVIAR AURA','{\"status\":\"A ENVIAR AURA\",\"id\":\"1276941\",\"date\":\"2020-10-22\",\"customer_id\":\"333999475\",\"partial_total\":\"24.30\",\"taxes\":\"0.00\",\"discount\":\"0.00\",\"point_sale\":\"PARTICULAR\",\"shipment\":\"FRETE GR\\u00c1TIS\",\"shipment_value\":\"0.00\",\"shipment_date\":\"0000-00-00\",\"store_note\":\"\",\"discount_coupon\":\"\",\"payment_method_rate\":\"0.00\",\"value_1\":\"0.00\",\"payment_form\":\"\",\"sending_code\":\"\",\"session_id\":\"69fca6a1c28497d882c2d0901a\",\"total\":\"24.30\",\"payment_date\":null,\"access_code\":\"F32195DE73416961276941\",\"progressive_discount\":\"0.00\",\"shipping_progressive_discount\":\"0.00\",\"shipment_integrator\":\"\",\"modified\":\"2020-10-22 14:25:37\",\"printed\":\"\",\"interest\":\"0.00\",\"cart_additional_values_discount\":\"0.00\",\"cart_additional_values_increase\":\"0.00\",\"id_quotation\":\"\",\"estimated_delivery_date\":\"\",\"external_code\":\"\",\"has_payment\":\"0\",\"has_shipment\":\"0\",\"has_invoice\":\"0\",\"total_comission_user\":\"0.00\",\"total_comission\":\"0.00\",\"is_traceable\":\"\",\"OrderStatus\":[],\"PickupLocation\":[],\"ProductsSold\":[{\"id\":\"31205\"}],\"Payment\":[],\"OrderInvoice\":[],\"MlOrder\":[],\"OrderTransactions\":[],\"MarketplaceOrder\":[],\"Extensions\":[],\"order_id\":\"1276941\"}','2022-02-05 21:56:00','2022-02-05 21:56:00'),(18,1276947,333999477,110.90,110.90,'2020-10-22','',NULL,'4DE4FE2A2B219911276947',NULL,'A ENVIAR AURA','{\"status\":\"A ENVIAR AURA\",\"id\":\"1276947\",\"date\":\"2020-10-22\",\"customer_id\":\"333999477\",\"partial_total\":\"110.90\",\"taxes\":\"0.00\",\"discount\":\"0.00\",\"point_sale\":\"PARTICULAR\",\"shipment\":\"\",\"shipment_value\":\"0.00\",\"shipment_date\":\"0000-00-00\",\"store_note\":\"\",\"discount_coupon\":\"\",\"payment_method_rate\":\"0.00\",\"value_1\":\"0.00\",\"payment_form\":\"\",\"sending_code\":\"\",\"session_id\":\"0b8dd469fc38d7ee98390ded9a\",\"total\":\"110.90\",\"payment_date\":null,\"access_code\":\"4DE4FE2A2B219911276947\",\"progressive_discount\":\"0.00\",\"shipping_progressive_discount\":\"0.00\",\"shipment_integrator\":\"\",\"modified\":\"2020-10-22 15:25:37\",\"printed\":\"\",\"interest\":\"0.00\",\"cart_additional_values_discount\":\"0.00\",\"cart_additional_values_increase\":\"0.00\",\"id_quotation\":\"\",\"estimated_delivery_date\":\"\",\"external_code\":\"\",\"has_payment\":\"0\",\"has_shipment\":\"0\",\"has_invoice\":\"0\",\"total_comission_user\":\"0.00\",\"total_comission\":\"0.00\",\"is_traceable\":\"\",\"OrderStatus\":[],\"PickupLocation\":[],\"ProductsSold\":[{\"id\":\"31211\"},{\"id\":\"31213\"}],\"Payment\":[],\"OrderInvoice\":[],\"MlOrder\":[],\"OrderTransactions\":[],\"MarketplaceOrder\":[],\"Extensions\":[],\"order_id\":\"1276947\"}','2022-02-05 21:56:00','2022-02-05 21:56:00'),(19,1276995,333999449,139.61,100.00,'2020-10-23','Dinheiro',NULL,'A906FA4E19D61D6',NULL,'A ENVIAR ELO','{\"status\":\"A ENVIAR ELO\",\"id\":\"1276995\",\"date\":\"2020-10-23\",\"customer_id\":\"333999449\",\"partial_total\":\"100.00\",\"taxes\":\"0.00\",\"discount\":\"0.00\",\"point_sale\":\"LOJA VIRTUAL\",\"shipment\":\"Dominalog Dominalog Standard\",\"shipment_value\":\"39.61\",\"shipment_date\":\"0000-00-00\",\"store_note\":\"23\\/10\\/2020 14:03:31 Pedido em 1 vez de R$ 139.61 atrav\\u00e9s do Dinheiro - Outras formas\",\"discount_coupon\":\"\",\"payment_method_rate\":\"0.00\",\"value_1\":\"0.00\",\"payment_form\":\"Dinheiro\",\"sending_code\":\"FR210824Y1B41\",\"session_id\":\"duu4lgqqec4ktrbap8uegkdbj0\",\"total\":\"139.61\",\"payment_date\":null,\"access_code\":\"A906FA4E19D61D6\",\"progressive_discount\":\"0.00\",\"shipping_progressive_discount\":\"0.00\",\"shipment_integrator\":\"Intelipost\",\"modified\":\"2021-08-24 10:00:26\",\"printed\":\"\",\"interest\":\"0.00\",\"cart_additional_values_discount\":\"0.00\",\"cart_additional_values_increase\":\"0.00\",\"id_quotation\":\"13452868950\",\"estimated_delivery_date\":\"2020-11-09\",\"external_code\":\"\",\"has_payment\":\"0\",\"has_shipment\":\"1\",\"has_invoice\":\"0\",\"total_comission_user\":\"0.00\",\"total_comission\":\"0.00\",\"is_traceable\":\"\",\"OrderStatus\":[],\"PickupLocation\":[],\"ProductsSold\":[{\"id\":\"31269\"}],\"Payment\":[],\"OrderInvoice\":[],\"MlOrder\":[],\"OrderTransactions\":[],\"MarketplaceOrder\":[],\"Extensions\":[],\"InvoiceIssuer\":{\"application\":\"Emissor NFe\",\"url\":\"https:\\/\\/erp.tiny.com.br\\/webhook\\/api\\/v1\\/tray\\/6979\\/701338b47b7ad1b2e0ca54f15bec67116829fb6c\\/faturador?store_id=391250&id=1276995\"},\"order_id\":\"1276995\"}','2022-02-05 21:56:00','2022-02-05 21:56:00'),(20,1277047,116,1282.62,1282.62,'2020-10-25','',NULL,'F8A17195DF844391277047',NULL,'A ENVIAR AURA','{\"status\":\"A ENVIAR AURA\",\"id\":\"1277047\",\"date\":\"2020-10-25\",\"customer_id\":\"116\",\"partial_total\":\"1282.62\",\"taxes\":\"0.00\",\"discount\":\"0.00\",\"point_sale\":\"PARTICULAR\",\"shipment\":\"\",\"shipment_value\":\"0.00\",\"shipment_date\":\"0000-00-00\",\"store_note\":\"\",\"discount_coupon\":\"\",\"payment_method_rate\":\"0.00\",\"value_1\":\"0.00\",\"payment_form\":\"\",\"sending_code\":\"\",\"session_id\":\"fe38f8ab14f540f54ec9638866\",\"total\":\"1282.62\",\"payment_date\":null,\"access_code\":\"F8A17195DF844391277047\",\"progressive_discount\":\"0.00\",\"shipping_progressive_discount\":\"0.00\",\"shipment_integrator\":\"\",\"modified\":\"2020-10-25 14:43:44\",\"printed\":\"\",\"interest\":\"0.00\",\"cart_additional_values_discount\":\"0.00\",\"cart_additional_values_increase\":\"0.00\",\"id_quotation\":\"\",\"estimated_delivery_date\":\"\",\"external_code\":\"\",\"has_payment\":\"0\",\"has_shipment\":\"0\",\"has_invoice\":\"0\",\"total_comission_user\":\"0.00\",\"total_comission\":\"0.00\",\"is_traceable\":\"\",\"OrderStatus\":[],\"PickupLocation\":[],\"ProductsSold\":[{\"id\":\"31323\"}],\"Payment\":[],\"OrderInvoice\":[],\"MlOrder\":[],\"OrderTransactions\":[],\"MarketplaceOrder\":[],\"Extensions\":[],\"order_id\":\"1277047\"}','2022-02-05 21:56:00','2022-02-05 21:56:00'),(21,1277259,333999345,139.61,100.00,'2020-10-25','Dinheiro',NULL,'B8EC6B145237381',NULL,'A ENVIAR DISCOVER','{\"status\":\"A ENVIAR DISCOVER\",\"id\":\"1277259\",\"date\":\"2020-10-25\",\"customer_id\":\"333999345\",\"partial_total\":\"100.00\",\"taxes\":\"0.00\",\"discount\":\"0.00\",\"point_sale\":\"PARTICULAR\",\"shipment\":\"Dominalog Dominalog Standard\",\"shipment_value\":\"39.61\",\"shipment_date\":\"0000-00-00\",\"store_note\":\"\",\"discount_coupon\":\"\",\"payment_method_rate\":\"0.00\",\"value_1\":\"0.00\",\"payment_form\":\"Dinheiro\",\"sending_code\":\"\",\"session_id\":\"\",\"total\":\"139.61\",\"payment_date\":null,\"access_code\":\"B8EC6B145237381\",\"progressive_discount\":\"0.00\",\"shipping_progressive_discount\":\"0.00\",\"shipment_integrator\":\"\",\"modified\":\"2020-10-25 20:37:55\",\"printed\":\"\",\"interest\":\"0.00\",\"cart_additional_values_discount\":\"0.00\",\"cart_additional_values_increase\":\"0.00\",\"id_quotation\":\"\",\"estimated_delivery_date\":\"\",\"external_code\":\"\",\"has_payment\":\"0\",\"has_shipment\":\"0\",\"has_invoice\":\"0\",\"total_comission_user\":\"0.00\",\"total_comission\":\"0.00\",\"is_traceable\":\"\",\"OrderStatus\":[],\"PickupLocation\":[],\"ProductsSold\":[{\"id\":\"31535\"}],\"Payment\":[],\"OrderInvoice\":[],\"MlOrder\":[],\"OrderTransactions\":[],\"MarketplaceOrder\":[],\"Extensions\":[],\"order_id\":\"1277259\"}','2022-02-05 21:56:00','2022-02-05 21:56:00'),(22,1277449,333999345,139.61,100.00,'2020-10-25','Dinheiro',NULL,'664B8E30B4B8364',NULL,'A ENVIAR DISCOVER','{\"status\":\"A ENVIAR DISCOVER\",\"id\":\"1277449\",\"date\":\"2020-10-25\",\"customer_id\":\"333999345\",\"partial_total\":\"100.00\",\"taxes\":\"0.00\",\"discount\":\"0.00\",\"point_sale\":\"PARTICULAR\",\"shipment\":\"Dominalog Dominalog Standard\",\"shipment_value\":\"39.61\",\"shipment_date\":\"0000-00-00\",\"store_note\":\"\",\"discount_coupon\":\"\",\"payment_method_rate\":\"0.00\",\"value_1\":\"0.00\",\"payment_form\":\"Dinheiro\",\"sending_code\":\"\",\"session_id\":\"\",\"total\":\"139.61\",\"payment_date\":null,\"access_code\":\"664B8E30B4B8364\",\"progressive_discount\":\"0.00\",\"shipping_progressive_discount\":\"0.00\",\"shipment_integrator\":\"\",\"modified\":\"2020-10-25 20:38:36\",\"printed\":\"\",\"interest\":\"0.00\",\"cart_additional_values_discount\":\"0.00\",\"cart_additional_values_increase\":\"0.00\",\"id_quotation\":\"\",\"estimated_delivery_date\":\"\",\"external_code\":\"\",\"has_payment\":\"0\",\"has_shipment\":\"0\",\"has_invoice\":\"0\",\"total_comission_user\":\"0.00\",\"total_comission\":\"0.00\",\"is_traceable\":\"\",\"OrderStatus\":[],\"PickupLocation\":[],\"ProductsSold\":[{\"id\":\"31725\"}],\"Payment\":[],\"OrderInvoice\":[],\"MlOrder\":[],\"OrderTransactions\":[],\"MarketplaceOrder\":[],\"Extensions\":[],\"order_id\":\"1277449\"}','2022-02-05 21:56:00','2022-02-05 21:56:00'),(23,1277451,333999345,139.61,100.00,'2020-10-25','Dinheiro',NULL,'BB15F740AB0FC11',NULL,'A ENVIAR DISCOVER','{\"status\":\"A ENVIAR DISCOVER\",\"id\":\"1277451\",\"date\":\"2020-10-25\",\"customer_id\":\"333999345\",\"partial_total\":\"100.00\",\"taxes\":\"0.00\",\"discount\":\"0.00\",\"point_sale\":\"PARTICULAR\",\"shipment\":\"Dominalog Dominalog Standard\",\"shipment_value\":\"39.61\",\"shipment_date\":\"0000-00-00\",\"store_note\":\"\",\"discount_coupon\":\"\",\"payment_method_rate\":\"0.00\",\"value_1\":\"0.00\",\"payment_form\":\"Dinheiro\",\"sending_code\":\"\",\"session_id\":\"\",\"total\":\"139.61\",\"payment_date\":null,\"access_code\":\"BB15F740AB0FC11\",\"progressive_discount\":\"0.00\",\"shipping_progressive_discount\":\"0.00\",\"shipment_integrator\":\"\",\"modified\":\"2020-10-25 20:38:36\",\"printed\":\"\",\"interest\":\"0.00\",\"cart_additional_values_discount\":\"0.00\",\"cart_additional_values_increase\":\"0.00\",\"id_quotation\":\"\",\"estimated_delivery_date\":\"\",\"external_code\":\"\",\"has_payment\":\"0\",\"has_shipment\":\"0\",\"has_invoice\":\"0\",\"total_comission_user\":\"0.00\",\"total_comission\":\"0.00\",\"is_traceable\":\"\",\"OrderStatus\":[],\"PickupLocation\":[],\"ProductsSold\":[{\"id\":\"31727\"}],\"Payment\":[],\"OrderInvoice\":[],\"MlOrder\":[],\"OrderTransactions\":[],\"MarketplaceOrder\":[],\"Extensions\":[],\"order_id\":\"1277451\"}','2022-02-05 21:56:01','2022-02-05 21:56:01'),(24,1277453,333999345,139.61,100.00,'2020-10-25','Dinheiro',NULL,'3DDD5DCAA7835A6',NULL,'A ENVIAR DISCOVER','{\"status\":\"A ENVIAR DISCOVER\",\"id\":\"1277453\",\"date\":\"2020-10-25\",\"customer_id\":\"333999345\",\"partial_total\":\"100.00\",\"taxes\":\"0.00\",\"discount\":\"0.00\",\"point_sale\":\"PARTICULAR\",\"shipment\":\"Dominalog Dominalog Standard\",\"shipment_value\":\"39.61\",\"shipment_date\":\"0000-00-00\",\"store_note\":\"\",\"discount_coupon\":\"\",\"payment_method_rate\":\"0.00\",\"value_1\":\"0.00\",\"payment_form\":\"Dinheiro\",\"sending_code\":\"\",\"session_id\":\"\",\"total\":\"139.61\",\"payment_date\":null,\"access_code\":\"3DDD5DCAA7835A6\",\"progressive_discount\":\"0.00\",\"shipping_progressive_discount\":\"0.00\",\"shipment_integrator\":\"\",\"modified\":\"2020-10-25 20:38:37\",\"printed\":\"\",\"interest\":\"0.00\",\"cart_additional_values_discount\":\"0.00\",\"cart_additional_values_increase\":\"0.00\",\"id_quotation\":\"\",\"estimated_delivery_date\":\"\",\"external_code\":\"\",\"has_payment\":\"0\",\"has_shipment\":\"0\",\"has_invoice\":\"0\",\"total_comission_user\":\"0.00\",\"total_comission\":\"0.00\",\"is_traceable\":\"\",\"OrderStatus\":[],\"PickupLocation\":[],\"ProductsSold\":[{\"id\":\"31729\"}],\"Payment\":[],\"OrderInvoice\":[],\"MlOrder\":[],\"OrderTransactions\":[],\"MarketplaceOrder\":[],\"Extensions\":[],\"order_id\":\"1277453\"}','2022-02-05 21:56:01','2022-02-05 21:56:01'),(25,1277455,333999345,139.61,100.00,'2020-10-25','Dinheiro',NULL,'11735165A36001C',NULL,'A ENVIAR DISCOVER','{\"status\":\"A ENVIAR DISCOVER\",\"id\":\"1277455\",\"date\":\"2020-10-25\",\"customer_id\":\"333999345\",\"partial_total\":\"100.00\",\"taxes\":\"0.00\",\"discount\":\"0.00\",\"point_sale\":\"PARTICULAR\",\"shipment\":\"Dominalog Dominalog Standard\",\"shipment_value\":\"39.61\",\"shipment_date\":\"0000-00-00\",\"store_note\":\"\",\"discount_coupon\":\"\",\"payment_method_rate\":\"0.00\",\"value_1\":\"0.00\",\"payment_form\":\"Dinheiro\",\"sending_code\":\"\",\"session_id\":\"\",\"total\":\"139.61\",\"payment_date\":null,\"access_code\":\"11735165A36001C\",\"progressive_discount\":\"0.00\",\"shipping_progressive_discount\":\"0.00\",\"shipment_integrator\":\"\",\"modified\":\"2020-10-25 20:38:37\",\"printed\":\"\",\"interest\":\"0.00\",\"cart_additional_values_discount\":\"0.00\",\"cart_additional_values_increase\":\"0.00\",\"id_quotation\":\"\",\"estimated_delivery_date\":\"\",\"external_code\":\"\",\"has_payment\":\"0\",\"has_shipment\":\"0\",\"has_invoice\":\"0\",\"total_comission_user\":\"0.00\",\"total_comission\":\"0.00\",\"is_traceable\":\"\",\"OrderStatus\":[],\"PickupLocation\":[],\"ProductsSold\":[{\"id\":\"31731\"}],\"Payment\":[],\"OrderInvoice\":[],\"MlOrder\":[],\"OrderTransactions\":[],\"MarketplaceOrder\":[],\"Extensions\":[],\"order_id\":\"1277455\"}','2022-02-05 21:56:01','2022-02-05 21:56:01'),(26,1277457,333999345,139.61,100.00,'2020-10-25','Dinheiro',NULL,'8FA6438414D545B',NULL,'A ENVIAR DISCOVER','{\"status\":\"A ENVIAR DISCOVER\",\"id\":\"1277457\",\"date\":\"2020-10-25\",\"customer_id\":\"333999345\",\"partial_total\":\"100.00\",\"taxes\":\"0.00\",\"discount\":\"0.00\",\"point_sale\":\"PARTICULAR\",\"shipment\":\"Dominalog Dominalog Standard\",\"shipment_value\":\"39.61\",\"shipment_date\":\"0000-00-00\",\"store_note\":\"\",\"discount_coupon\":\"\",\"payment_method_rate\":\"0.00\",\"value_1\":\"0.00\",\"payment_form\":\"Dinheiro\",\"sending_code\":\"\",\"session_id\":\"\",\"total\":\"139.61\",\"payment_date\":null,\"access_code\":\"8FA6438414D545B\",\"progressive_discount\":\"0.00\",\"shipping_progressive_discount\":\"0.00\",\"shipment_integrator\":\"\",\"modified\":\"2020-10-25 20:38:37\",\"printed\":\"\",\"interest\":\"0.00\",\"cart_additional_values_discount\":\"0.00\",\"cart_additional_values_increase\":\"0.00\",\"id_quotation\":\"\",\"estimated_delivery_date\":\"\",\"external_code\":\"\",\"has_payment\":\"0\",\"has_shipment\":\"0\",\"has_invoice\":\"0\",\"total_comission_user\":\"0.00\",\"total_comission\":\"0.00\",\"is_traceable\":\"\",\"OrderStatus\":[],\"PickupLocation\":[],\"ProductsSold\":[{\"id\":\"31733\"}],\"Payment\":[],\"OrderInvoice\":[],\"MlOrder\":[],\"OrderTransactions\":[],\"MarketplaceOrder\":[],\"Extensions\":[],\"order_id\":\"1277457\"}','2022-02-05 21:56:01','2022-02-05 21:56:01'),(27,1277459,333999345,139.61,100.00,'2020-10-25','Dinheiro',NULL,'D9B977A9D285A31',NULL,'A ENVIAR DISCOVER','{\"status\":\"A ENVIAR DISCOVER\",\"id\":\"1277459\",\"date\":\"2020-10-25\",\"customer_id\":\"333999345\",\"partial_total\":\"100.00\",\"taxes\":\"0.00\",\"discount\":\"0.00\",\"point_sale\":\"PARTICULAR\",\"shipment\":\"Dominalog Dominalog Standard\",\"shipment_value\":\"39.61\",\"shipment_date\":\"0000-00-00\",\"store_note\":\"\",\"discount_coupon\":\"\",\"payment_method_rate\":\"0.00\",\"value_1\":\"0.00\",\"payment_form\":\"Dinheiro\",\"sending_code\":\"\",\"session_id\":\"\",\"total\":\"139.61\",\"payment_date\":null,\"access_code\":\"D9B977A9D285A31\",\"progressive_discount\":\"0.00\",\"shipping_progressive_discount\":\"0.00\",\"shipment_integrator\":\"\",\"modified\":\"2020-10-25 20:38:38\",\"printed\":\"\",\"interest\":\"0.00\",\"cart_additional_values_discount\":\"0.00\",\"cart_additional_values_increase\":\"0.00\",\"id_quotation\":\"\",\"estimated_delivery_date\":\"\",\"external_code\":\"\",\"has_payment\":\"0\",\"has_shipment\":\"0\",\"has_invoice\":\"0\",\"total_comission_user\":\"0.00\",\"total_comission\":\"0.00\",\"is_traceable\":\"\",\"OrderStatus\":[],\"PickupLocation\":[],\"ProductsSold\":[{\"id\":\"31735\"}],\"Payment\":[],\"OrderInvoice\":[],\"MlOrder\":[],\"OrderTransactions\":[],\"MarketplaceOrder\":[],\"Extensions\":[],\"order_id\":\"1277459\"}','2022-02-05 21:56:01','2022-02-05 21:56:01'),(28,1277461,333999345,139.61,100.00,'2020-10-25','Dinheiro',NULL,'38E5DC52A79B5FD',NULL,'A ENVIAR DISCOVER','{\"status\":\"A ENVIAR DISCOVER\",\"id\":\"1277461\",\"date\":\"2020-10-25\",\"customer_id\":\"333999345\",\"partial_total\":\"100.00\",\"taxes\":\"0.00\",\"discount\":\"0.00\",\"point_sale\":\"PARTICULAR\",\"shipment\":\"Dominalog Dominalog Standard\",\"shipment_value\":\"39.61\",\"shipment_date\":\"0000-00-00\",\"store_note\":\"\",\"discount_coupon\":\"\",\"payment_method_rate\":\"0.00\",\"value_1\":\"0.00\",\"payment_form\":\"Dinheiro\",\"sending_code\":\"\",\"session_id\":\"\",\"total\":\"139.61\",\"payment_date\":null,\"access_code\":\"38E5DC52A79B5FD\",\"progressive_discount\":\"0.00\",\"shipping_progressive_discount\":\"0.00\",\"shipment_integrator\":\"\",\"modified\":\"2020-10-25 20:38:38\",\"printed\":\"\",\"interest\":\"0.00\",\"cart_additional_values_discount\":\"0.00\",\"cart_additional_values_increase\":\"0.00\",\"id_quotation\":\"\",\"estimated_delivery_date\":\"\",\"external_code\":\"\",\"has_payment\":\"0\",\"has_shipment\":\"0\",\"has_invoice\":\"0\",\"total_comission_user\":\"0.00\",\"total_comission\":\"0.00\",\"is_traceable\":\"\",\"OrderStatus\":[],\"PickupLocation\":[],\"ProductsSold\":[{\"id\":\"31737\"}],\"Payment\":[],\"OrderInvoice\":[],\"MlOrder\":[],\"OrderTransactions\":[],\"MarketplaceOrder\":[],\"Extensions\":[],\"order_id\":\"1277461\"}','2022-02-05 21:56:01','2022-02-05 21:56:01'),(29,1277463,333999345,139.61,100.00,'2020-10-25','Dinheiro',NULL,'42264E273745B4F',NULL,'A ENVIAR DISCOVER','{\"status\":\"A ENVIAR DISCOVER\",\"id\":\"1277463\",\"date\":\"2020-10-25\",\"customer_id\":\"333999345\",\"partial_total\":\"100.00\",\"taxes\":\"0.00\",\"discount\":\"0.00\",\"point_sale\":\"PARTICULAR\",\"shipment\":\"Dominalog Dominalog Standard\",\"shipment_value\":\"39.61\",\"shipment_date\":\"0000-00-00\",\"store_note\":\"\",\"discount_coupon\":\"\",\"payment_method_rate\":\"0.00\",\"value_1\":\"0.00\",\"payment_form\":\"Dinheiro\",\"sending_code\":\"\",\"session_id\":\"\",\"total\":\"139.61\",\"payment_date\":null,\"access_code\":\"42264E273745B4F\",\"progressive_discount\":\"0.00\",\"shipping_progressive_discount\":\"0.00\",\"shipment_integrator\":\"\",\"modified\":\"2020-10-25 20:38:39\",\"printed\":\"\",\"interest\":\"0.00\",\"cart_additional_values_discount\":\"0.00\",\"cart_additional_values_increase\":\"0.00\",\"id_quotation\":\"\",\"estimated_delivery_date\":\"\",\"external_code\":\"\",\"has_payment\":\"0\",\"has_shipment\":\"0\",\"has_invoice\":\"0\",\"total_comission_user\":\"0.00\",\"total_comission\":\"0.00\",\"is_traceable\":\"\",\"OrderStatus\":[],\"PickupLocation\":[],\"ProductsSold\":[{\"id\":\"31739\"}],\"Payment\":[],\"OrderInvoice\":[],\"MlOrder\":[],\"OrderTransactions\":[],\"MarketplaceOrder\":[],\"Extensions\":[],\"order_id\":\"1277463\"}','2022-02-05 21:56:01','2022-02-05 21:56:01'),(30,1277465,333999345,139.61,100.00,'2020-10-25','Dinheiro',NULL,'EFA9C2D0F95CB50',NULL,'A ENVIAR DISCOVER','{\"status\":\"A ENVIAR DISCOVER\",\"id\":\"1277465\",\"date\":\"2020-10-25\",\"customer_id\":\"333999345\",\"partial_total\":\"100.00\",\"taxes\":\"0.00\",\"discount\":\"0.00\",\"point_sale\":\"PARTICULAR\",\"shipment\":\"Dominalog Dominalog Standard\",\"shipment_value\":\"39.61\",\"shipment_date\":\"0000-00-00\",\"store_note\":\"\",\"discount_coupon\":\"\",\"payment_method_rate\":\"0.00\",\"value_1\":\"0.00\",\"payment_form\":\"Dinheiro\",\"sending_code\":\"\",\"session_id\":\"\",\"total\":\"139.61\",\"payment_date\":null,\"access_code\":\"EFA9C2D0F95CB50\",\"progressive_discount\":\"0.00\",\"shipping_progressive_discount\":\"0.00\",\"shipment_integrator\":\"\",\"modified\":\"2020-10-25 20:38:39\",\"printed\":\"\",\"interest\":\"0.00\",\"cart_additional_values_discount\":\"0.00\",\"cart_additional_values_increase\":\"0.00\",\"id_quotation\":\"\",\"estimated_delivery_date\":\"\",\"external_code\":\"\",\"has_payment\":\"0\",\"has_shipment\":\"0\",\"has_invoice\":\"0\",\"total_comission_user\":\"0.00\",\"total_comission\":\"0.00\",\"is_traceable\":\"\",\"OrderStatus\":[],\"PickupLocation\":[],\"ProductsSold\":[{\"id\":\"31741\"}],\"Payment\":[],\"OrderInvoice\":[],\"MlOrder\":[],\"OrderTransactions\":[],\"MarketplaceOrder\":[],\"Extensions\":[],\"order_id\":\"1277465\"}','2022-02-05 21:56:01','2022-02-05 21:56:01'),(31,1277467,333999345,139.61,100.00,'2020-10-25','Dinheiro',NULL,'3FE83BB4E22BC2F',NULL,'A ENVIAR DISCOVER','{\"status\":\"A ENVIAR DISCOVER\",\"id\":\"1277467\",\"date\":\"2020-10-25\",\"customer_id\":\"333999345\",\"partial_total\":\"100.00\",\"taxes\":\"0.00\",\"discount\":\"0.00\",\"point_sale\":\"PARTICULAR\",\"shipment\":\"Dominalog Dominalog Standard\",\"shipment_value\":\"39.61\",\"shipment_date\":\"\",\"store_note\":\"\",\"discount_coupon\":\"\",\"payment_method_rate\":\"0.00\",\"value_1\":\"0.00\",\"payment_form\":\"Dinheiro\",\"sending_code\":\"\",\"session_id\":\"\",\"total\":\"139.61\",\"payment_date\":null,\"access_code\":\"3FE83BB4E22BC2F\",\"progressive_discount\":\"0.00\",\"shipping_progressive_discount\":\"0.00\",\"shipment_integrator\":\"\",\"modified\":\"2020-10-25 20:38:39\",\"printed\":\"\",\"interest\":\"0.00\",\"cart_additional_values_discount\":\"0.00\",\"cart_additional_values_increase\":\"0.00\",\"id_quotation\":\"\",\"estimated_delivery_date\":\"\",\"external_code\":\"\",\"has_payment\":\"0\",\"has_shipment\":\"0\",\"has_invoice\":\"0\",\"total_comission_user\":\"0.00\",\"total_comission\":\"0.00\",\"is_traceable\":\"\",\"OrderStatus\":[],\"PickupLocation\":[],\"ProductsSold\":[{\"id\":\"31743\"}],\"Payment\":[],\"OrderInvoice\":[],\"MlOrder\":[],\"OrderTransactions\":[],\"MarketplaceOrder\":[],\"Extensions\":[],\"order_id\":\"1277467\"}','2022-02-05 22:33:39','2022-02-05 22:33:39'),(32,1277469,333999345,139.61,100.00,'2020-10-25','Dinheiro',NULL,'AA9ED41C64877BE',NULL,'A ENVIAR DISCOVER','{\"status\":\"A ENVIAR DISCOVER\",\"id\":\"1277469\",\"date\":\"2020-10-25\",\"customer_id\":\"333999345\",\"partial_total\":\"100.00\",\"taxes\":\"0.00\",\"discount\":\"0.00\",\"point_sale\":\"PARTICULAR\",\"shipment\":\"Dominalog Dominalog Standard\",\"shipment_value\":\"39.61\",\"shipment_date\":\"0000-00-00\",\"store_note\":\"\",\"discount_coupon\":\"\",\"payment_method_rate\":\"0.00\",\"value_1\":\"0.00\",\"payment_form\":\"Dinheiro\",\"sending_code\":\"\",\"session_id\":\"\",\"total\":\"139.61\",\"payment_date\":null,\"access_code\":\"AA9ED41C64877BE\",\"progressive_discount\":\"0.00\",\"shipping_progressive_discount\":\"0.00\",\"shipment_integrator\":\"\",\"modified\":\"2020-10-25 20:38:40\",\"printed\":\"\",\"interest\":\"0.00\",\"cart_additional_values_discount\":\"0.00\",\"cart_additional_values_increase\":\"0.00\",\"id_quotation\":\"\",\"estimated_delivery_date\":\"\",\"external_code\":\"\",\"has_payment\":\"0\",\"has_shipment\":\"0\",\"has_invoice\":\"0\",\"total_comission_user\":\"0.00\",\"total_comission\":\"0.00\",\"is_traceable\":\"\",\"OrderStatus\":[],\"PickupLocation\":[],\"ProductsSold\":[{\"id\":\"31745\"}],\"Payment\":[],\"OrderInvoice\":[],\"MlOrder\":[],\"OrderTransactions\":[],\"MarketplaceOrder\":[],\"Extensions\":[],\"order_id\":\"1277469\"}','2022-02-05 22:36:26','2022-02-05 22:36:26'),(33,1277471,333999345,139.61,100.00,'2020-10-25','Dinheiro',NULL,'F67FFCF4BFC14E3',NULL,'A ENVIAR DISCOVER','{\"status\":\"A ENVIAR DISCOVER\",\"id\":\"1277471\",\"date\":\"2020-10-25\",\"customer_id\":\"333999345\",\"partial_total\":\"100.00\",\"taxes\":\"0.00\",\"discount\":\"0.00\",\"point_sale\":\"PARTICULAR\",\"shipment\":\"Dominalog Dominalog Standard\",\"shipment_value\":\"39.61\",\"shipment_date\":\"0000-00-00\",\"store_note\":\"\",\"discount_coupon\":\"\",\"payment_method_rate\":\"0.00\",\"value_1\":\"0.00\",\"payment_form\":\"Dinheiro\",\"sending_code\":\"\",\"session_id\":\"\",\"total\":\"139.61\",\"payment_date\":null,\"access_code\":\"F67FFCF4BFC14E3\",\"progressive_discount\":\"0.00\",\"shipping_progressive_discount\":\"0.00\",\"shipment_integrator\":\"\",\"modified\":\"2020-10-25 20:38:40\",\"printed\":\"\",\"interest\":\"0.00\",\"cart_additional_values_discount\":\"0.00\",\"cart_additional_values_increase\":\"0.00\",\"id_quotation\":\"\",\"estimated_delivery_date\":\"\",\"external_code\":\"\",\"has_payment\":\"0\",\"has_shipment\":\"0\",\"has_invoice\":\"0\",\"total_comission_user\":\"0.00\",\"total_comission\":\"0.00\",\"is_traceable\":\"\",\"OrderStatus\":[],\"PickupLocation\":[],\"ProductsSold\":[{\"id\":\"31747\"}],\"Payment\":[],\"OrderInvoice\":[],\"MlOrder\":[],\"OrderTransactions\":[],\"MarketplaceOrder\":[],\"Extensions\":[],\"order_id\":\"1277471\"}','2022-02-05 22:36:26','2022-02-05 22:36:26'),(34,1277473,333999345,139.61,100.00,'2020-10-25','Dinheiro',NULL,'9BAA3E5B8ECE18F',NULL,'A ENVIAR DISCOVER','{\"status\":\"A ENVIAR DISCOVER\",\"id\":\"1277473\",\"date\":\"2020-10-25\",\"customer_id\":\"333999345\",\"partial_total\":\"100.00\",\"taxes\":\"0.00\",\"discount\":\"0.00\",\"point_sale\":\"PARTICULAR\",\"shipment\":\"Dominalog Dominalog Standard\",\"shipment_value\":\"39.61\",\"shipment_date\":\"0000-00-00\",\"store_note\":\"\",\"discount_coupon\":\"\",\"payment_method_rate\":\"0.00\",\"value_1\":\"0.00\",\"payment_form\":\"Dinheiro\",\"sending_code\":\"\",\"session_id\":\"\",\"total\":\"139.61\",\"payment_date\":null,\"access_code\":\"9BAA3E5B8ECE18F\",\"progressive_discount\":\"0.00\",\"shipping_progressive_discount\":\"0.00\",\"shipment_integrator\":\"\",\"modified\":\"2020-10-25 20:38:41\",\"printed\":\"\",\"interest\":\"0.00\",\"cart_additional_values_discount\":\"0.00\",\"cart_additional_values_increase\":\"0.00\",\"id_quotation\":\"\",\"estimated_delivery_date\":\"\",\"external_code\":\"\",\"has_payment\":\"0\",\"has_shipment\":\"0\",\"has_invoice\":\"0\",\"total_comission_user\":\"0.00\",\"total_comission\":\"0.00\",\"is_traceable\":\"\",\"OrderStatus\":[],\"PickupLocation\":[],\"ProductsSold\":[{\"id\":\"31749\"}],\"Payment\":[],\"OrderInvoice\":[],\"MlOrder\":[],\"OrderTransactions\":[],\"MarketplaceOrder\":[],\"Extensions\":[],\"order_id\":\"1277473\"}','2022-02-05 22:36:26','2022-02-05 22:36:26'),(35,1277475,333999345,139.61,100.00,'2020-10-25','Dinheiro',NULL,'8A54966CE84F9DB',NULL,'A ENVIAR DISCOVER','{\"status\":\"A ENVIAR DISCOVER\",\"id\":\"1277475\",\"date\":\"2020-10-25\",\"customer_id\":\"333999345\",\"partial_total\":\"100.00\",\"taxes\":\"0.00\",\"discount\":\"0.00\",\"point_sale\":\"PARTICULAR\",\"shipment\":\"Dominalog Dominalog Standard\",\"shipment_value\":\"39.61\",\"shipment_date\":\"0000-00-00\",\"store_note\":\"\",\"discount_coupon\":\"\",\"payment_method_rate\":\"0.00\",\"value_1\":\"0.00\",\"payment_form\":\"Dinheiro\",\"sending_code\":\"\",\"session_id\":\"\",\"total\":\"139.61\",\"payment_date\":null,\"access_code\":\"8A54966CE84F9DB\",\"progressive_discount\":\"0.00\",\"shipping_progressive_discount\":\"0.00\",\"shipment_integrator\":\"\",\"modified\":\"2020-10-25 20:38:41\",\"printed\":\"\",\"interest\":\"0.00\",\"cart_additional_values_discount\":\"0.00\",\"cart_additional_values_increase\":\"0.00\",\"id_quotation\":\"\",\"estimated_delivery_date\":\"\",\"external_code\":\"\",\"has_payment\":\"0\",\"has_shipment\":\"0\",\"has_invoice\":\"0\",\"total_comission_user\":\"0.00\",\"total_comission\":\"0.00\",\"is_traceable\":\"\",\"OrderStatus\":[],\"PickupLocation\":[],\"ProductsSold\":[{\"id\":\"31751\"}],\"Payment\":[],\"OrderInvoice\":[],\"MlOrder\":[],\"OrderTransactions\":[],\"MarketplaceOrder\":[],\"Extensions\":[],\"order_id\":\"1277475\"}','2022-02-05 22:36:26','2022-02-05 22:36:26'),(36,1277477,333999345,139.61,100.00,'2020-10-25','Dinheiro',NULL,'40DF4BCC7C3050A',NULL,'A ENVIAR DISCOVER','{\"status\":\"A ENVIAR DISCOVER\",\"id\":\"1277477\",\"date\":\"2020-10-25\",\"customer_id\":\"333999345\",\"partial_total\":\"100.00\",\"taxes\":\"0.00\",\"discount\":\"0.00\",\"point_sale\":\"PARTICULAR\",\"shipment\":\"Dominalog Dominalog Standard\",\"shipment_value\":\"39.61\",\"shipment_date\":\"0000-00-00\",\"store_note\":\"\",\"discount_coupon\":\"\",\"payment_method_rate\":\"0.00\",\"value_1\":\"0.00\",\"payment_form\":\"Dinheiro\",\"sending_code\":\"\",\"session_id\":\"\",\"total\":\"139.61\",\"payment_date\":null,\"access_code\":\"40DF4BCC7C3050A\",\"progressive_discount\":\"0.00\",\"shipping_progressive_discount\":\"0.00\",\"shipment_integrator\":\"\",\"modified\":\"2020-10-25 20:38:41\",\"printed\":\"\",\"interest\":\"0.00\",\"cart_additional_values_discount\":\"0.00\",\"cart_additional_values_increase\":\"0.00\",\"id_quotation\":\"\",\"estimated_delivery_date\":\"\",\"external_code\":\"\",\"has_payment\":\"0\",\"has_shipment\":\"0\",\"has_invoice\":\"0\",\"total_comission_user\":\"0.00\",\"total_comission\":\"0.00\",\"is_traceable\":\"\",\"OrderStatus\":[],\"PickupLocation\":[],\"ProductsSold\":[{\"id\":\"31753\"}],\"Payment\":[],\"OrderInvoice\":[],\"MlOrder\":[],\"OrderTransactions\":[],\"MarketplaceOrder\":[],\"Extensions\":[],\"order_id\":\"1277477\"}','2022-02-05 22:36:27','2022-02-05 22:36:27'),(37,1277479,333999345,139.61,100.00,'2020-10-25','Dinheiro',NULL,'376CF0CE2B4D544',NULL,'A ENVIAR DISCOVER','{\"status\":\"A ENVIAR DISCOVER\",\"id\":\"1277479\",\"date\":\"2020-10-25\",\"customer_id\":\"333999345\",\"partial_total\":\"100.00\",\"taxes\":\"0.00\",\"discount\":\"0.00\",\"point_sale\":\"PARTICULAR\",\"shipment\":\"Dominalog Dominalog Standard\",\"shipment_value\":\"39.61\",\"shipment_date\":\"0000-00-00\",\"store_note\":\"\",\"discount_coupon\":\"\",\"payment_method_rate\":\"0.00\",\"value_1\":\"0.00\",\"payment_form\":\"Dinheiro\",\"sending_code\":\"\",\"session_id\":\"\",\"total\":\"139.61\",\"payment_date\":null,\"access_code\":\"376CF0CE2B4D544\",\"progressive_discount\":\"0.00\",\"shipping_progressive_discount\":\"0.00\",\"shipment_integrator\":\"\",\"modified\":\"2020-10-25 20:38:42\",\"printed\":\"\",\"interest\":\"0.00\",\"cart_additional_values_discount\":\"0.00\",\"cart_additional_values_increase\":\"0.00\",\"id_quotation\":\"\",\"estimated_delivery_date\":\"\",\"external_code\":\"\",\"has_payment\":\"0\",\"has_shipment\":\"0\",\"has_invoice\":\"0\",\"total_comission_user\":\"0.00\",\"total_comission\":\"0.00\",\"is_traceable\":\"\",\"OrderStatus\":[],\"PickupLocation\":[],\"ProductsSold\":[{\"id\":\"31755\"}],\"Payment\":[],\"OrderInvoice\":[],\"MlOrder\":[],\"OrderTransactions\":[],\"MarketplaceOrder\":[],\"Extensions\":[],\"order_id\":\"1277479\"}','2022-02-05 22:36:27','2022-02-05 22:36:27'),(38,1277481,333999345,139.61,100.00,'2020-10-25','Dinheiro',NULL,'D0D9005D413ED0F',NULL,'A ENVIAR DISCOVER','{\"status\":\"A ENVIAR DISCOVER\",\"id\":\"1277481\",\"date\":\"2020-10-25\",\"customer_id\":\"333999345\",\"partial_total\":\"100.00\",\"taxes\":\"0.00\",\"discount\":\"0.00\",\"point_sale\":\"PARTICULAR\",\"shipment\":\"Dominalog Dominalog Standard\",\"shipment_value\":\"39.61\",\"shipment_date\":\"0000-00-00\",\"store_note\":\"\",\"discount_coupon\":\"\",\"payment_method_rate\":\"0.00\",\"value_1\":\"0.00\",\"payment_form\":\"Dinheiro\",\"sending_code\":\"\",\"session_id\":\"\",\"total\":\"139.61\",\"payment_date\":null,\"access_code\":\"D0D9005D413ED0F\",\"progressive_discount\":\"0.00\",\"shipping_progressive_discount\":\"0.00\",\"shipment_integrator\":\"\",\"modified\":\"2020-10-25 20:38:42\",\"printed\":\"\",\"interest\":\"0.00\",\"cart_additional_values_discount\":\"0.00\",\"cart_additional_values_increase\":\"0.00\",\"id_quotation\":\"\",\"estimated_delivery_date\":\"\",\"external_code\":\"\",\"has_payment\":\"0\",\"has_shipment\":\"0\",\"has_invoice\":\"0\",\"total_comission_user\":\"0.00\",\"total_comission\":\"0.00\",\"is_traceable\":\"\",\"OrderStatus\":[],\"PickupLocation\":[],\"ProductsSold\":[{\"id\":\"31757\"}],\"Payment\":[],\"OrderInvoice\":[],\"MlOrder\":[],\"OrderTransactions\":[],\"MarketplaceOrder\":[],\"Extensions\":[],\"order_id\":\"1277481\"}','2022-02-05 22:36:27','2022-02-05 22:36:27'),(39,1277483,333999345,139.61,100.00,'2020-10-25','Dinheiro',NULL,'AB5BE905EB360E0',NULL,'A ENVIAR DISCOVER','{\"status\":\"A ENVIAR DISCOVER\",\"id\":\"1277483\",\"date\":\"2020-10-25\",\"customer_id\":\"333999345\",\"partial_total\":\"100.00\",\"taxes\":\"0.00\",\"discount\":\"0.00\",\"point_sale\":\"PARTICULAR\",\"shipment\":\"Dominalog Dominalog Standard\",\"shipment_value\":\"39.61\",\"shipment_date\":\"0000-00-00\",\"store_note\":\"\",\"discount_coupon\":\"\",\"payment_method_rate\":\"0.00\",\"value_1\":\"0.00\",\"payment_form\":\"Dinheiro\",\"sending_code\":\"\",\"session_id\":\"\",\"total\":\"139.61\",\"payment_date\":null,\"access_code\":\"AB5BE905EB360E0\",\"progressive_discount\":\"0.00\",\"shipping_progressive_discount\":\"0.00\",\"shipment_integrator\":\"\",\"modified\":\"2020-10-25 20:38:43\",\"printed\":\"\",\"interest\":\"0.00\",\"cart_additional_values_discount\":\"0.00\",\"cart_additional_values_increase\":\"0.00\",\"id_quotation\":\"\",\"estimated_delivery_date\":\"\",\"external_code\":\"\",\"has_payment\":\"0\",\"has_shipment\":\"0\",\"has_invoice\":\"0\",\"total_comission_user\":\"0.00\",\"total_comission\":\"0.00\",\"is_traceable\":\"\",\"OrderStatus\":[],\"PickupLocation\":[],\"ProductsSold\":[{\"id\":\"31759\"}],\"Payment\":[],\"OrderInvoice\":[],\"MlOrder\":[],\"OrderTransactions\":[],\"MarketplaceOrder\":[],\"Extensions\":[],\"order_id\":\"1277483\"}','2022-02-05 22:36:28','2022-02-05 22:36:28'),(40,1277485,333999345,139.61,100.00,'2020-10-25','Dinheiro',NULL,'0DFB912B6EA414F',NULL,'A ENVIAR DISCOVER','{\"status\":\"A ENVIAR DISCOVER\",\"id\":\"1277485\",\"date\":\"2020-10-25\",\"customer_id\":\"333999345\",\"partial_total\":\"100.00\",\"taxes\":\"0.00\",\"discount\":\"0.00\",\"point_sale\":\"PARTICULAR\",\"shipment\":\"Dominalog Dominalog Standard\",\"shipment_value\":\"39.61\",\"shipment_date\":\"0000-00-00\",\"store_note\":\"\",\"discount_coupon\":\"\",\"payment_method_rate\":\"0.00\",\"value_1\":\"0.00\",\"payment_form\":\"Dinheiro\",\"sending_code\":\"\",\"session_id\":\"\",\"total\":\"139.61\",\"payment_date\":null,\"access_code\":\"0DFB912B6EA414F\",\"progressive_discount\":\"0.00\",\"shipping_progressive_discount\":\"0.00\",\"shipment_integrator\":\"\",\"modified\":\"2020-10-25 20:38:43\",\"printed\":\"\",\"interest\":\"0.00\",\"cart_additional_values_discount\":\"0.00\",\"cart_additional_values_increase\":\"0.00\",\"id_quotation\":\"\",\"estimated_delivery_date\":\"\",\"external_code\":\"\",\"has_payment\":\"0\",\"has_shipment\":\"0\",\"has_invoice\":\"0\",\"total_comission_user\":\"0.00\",\"total_comission\":\"0.00\",\"is_traceable\":\"\",\"OrderStatus\":[],\"PickupLocation\":[],\"ProductsSold\":[{\"id\":\"31761\"}],\"Payment\":[],\"OrderInvoice\":[],\"MlOrder\":[],\"OrderTransactions\":[],\"MarketplaceOrder\":[],\"Extensions\":[],\"order_id\":\"1277485\"}','2022-02-05 22:36:28','2022-02-05 22:36:28'),(41,1277487,333999345,139.61,100.00,'2020-10-25','Dinheiro',NULL,'2130598DA677BC3',NULL,'A ENVIAR DISCOVER','{\"status\":\"A ENVIAR DISCOVER\",\"id\":\"1277487\",\"date\":\"2020-10-25\",\"customer_id\":\"333999345\",\"partial_total\":\"100.00\",\"taxes\":\"0.00\",\"discount\":\"0.00\",\"point_sale\":\"PARTICULAR\",\"shipment\":\"Dominalog Dominalog Standard\",\"shipment_value\":\"39.61\",\"shipment_date\":\"0000-00-00\",\"store_note\":\"\",\"discount_coupon\":\"\",\"payment_method_rate\":\"0.00\",\"value_1\":\"0.00\",\"payment_form\":\"Dinheiro\",\"sending_code\":\"\",\"session_id\":\"\",\"total\":\"139.61\",\"payment_date\":null,\"access_code\":\"2130598DA677BC3\",\"progressive_discount\":\"0.00\",\"shipping_progressive_discount\":\"0.00\",\"shipment_integrator\":\"\",\"modified\":\"2020-10-25 20:38:44\",\"printed\":\"\",\"interest\":\"0.00\",\"cart_additional_values_discount\":\"0.00\",\"cart_additional_values_increase\":\"0.00\",\"id_quotation\":\"\",\"estimated_delivery_date\":\"\",\"external_code\":\"\",\"has_payment\":\"0\",\"has_shipment\":\"0\",\"has_invoice\":\"0\",\"total_comission_user\":\"0.00\",\"total_comission\":\"0.00\",\"is_traceable\":\"\",\"OrderStatus\":[],\"PickupLocation\":[],\"ProductsSold\":[{\"id\":\"31763\"}],\"Payment\":[],\"OrderInvoice\":[],\"MlOrder\":[],\"OrderTransactions\":[],\"MarketplaceOrder\":[],\"Extensions\":[],\"order_id\":\"1277487\"}','2022-02-05 22:36:28','2022-02-05 22:36:28'),(42,1277489,333999345,139.61,100.00,'2020-10-25','Dinheiro',NULL,'C3B90A6DA598327',NULL,'A ENVIAR DISCOVER','{\"status\":\"A ENVIAR DISCOVER\",\"id\":\"1277489\",\"date\":\"2020-10-25\",\"customer_id\":\"333999345\",\"partial_total\":\"100.00\",\"taxes\":\"0.00\",\"discount\":\"0.00\",\"point_sale\":\"PARTICULAR\",\"shipment\":\"Dominalog Dominalog Standard\",\"shipment_value\":\"39.61\",\"shipment_date\":\"0000-00-00\",\"store_note\":\"\",\"discount_coupon\":\"\",\"payment_method_rate\":\"0.00\",\"value_1\":\"0.00\",\"payment_form\":\"Dinheiro\",\"sending_code\":\"\",\"session_id\":\"\",\"total\":\"139.61\",\"payment_date\":null,\"access_code\":\"C3B90A6DA598327\",\"progressive_discount\":\"0.00\",\"shipping_progressive_discount\":\"0.00\",\"shipment_integrator\":\"\",\"modified\":\"2020-10-25 20:38:44\",\"printed\":\"\",\"interest\":\"0.00\",\"cart_additional_values_discount\":\"0.00\",\"cart_additional_values_increase\":\"0.00\",\"id_quotation\":\"\",\"estimated_delivery_date\":\"\",\"external_code\":\"\",\"has_payment\":\"0\",\"has_shipment\":\"0\",\"has_invoice\":\"0\",\"total_comission_user\":\"0.00\",\"total_comission\":\"0.00\",\"is_traceable\":\"\",\"OrderStatus\":[],\"PickupLocation\":[],\"ProductsSold\":[{\"id\":\"31765\"}],\"Payment\":[],\"OrderInvoice\":[],\"MlOrder\":[],\"OrderTransactions\":[],\"MarketplaceOrder\":[],\"Extensions\":[],\"order_id\":\"1277489\"}','2022-02-05 22:36:29','2022-02-05 22:36:29'),(43,1277491,333999345,139.61,100.00,'2020-10-25','Dinheiro',NULL,'AD6FA6FB2284544',NULL,'A ENVIAR DISCOVER','{\"status\":\"A ENVIAR DISCOVER\",\"id\":\"1277491\",\"date\":\"2020-10-25\",\"customer_id\":\"333999345\",\"partial_total\":\"100.00\",\"taxes\":\"0.00\",\"discount\":\"0.00\",\"point_sale\":\"PARTICULAR\",\"shipment\":\"Dominalog Dominalog Standard\",\"shipment_value\":\"39.61\",\"shipment_date\":\"0000-00-00\",\"store_note\":\"\",\"discount_coupon\":\"\",\"payment_method_rate\":\"0.00\",\"value_1\":\"0.00\",\"payment_form\":\"Dinheiro\",\"sending_code\":\"\",\"session_id\":\"\",\"total\":\"139.61\",\"payment_date\":null,\"access_code\":\"AD6FA6FB2284544\",\"progressive_discount\":\"0.00\",\"shipping_progressive_discount\":\"0.00\",\"shipment_integrator\":\"\",\"modified\":\"2020-10-25 20:38:44\",\"printed\":\"\",\"interest\":\"0.00\",\"cart_additional_values_discount\":\"0.00\",\"cart_additional_values_increase\":\"0.00\",\"id_quotation\":\"\",\"estimated_delivery_date\":\"\",\"external_code\":\"\",\"has_payment\":\"0\",\"has_shipment\":\"0\",\"has_invoice\":\"0\",\"total_comission_user\":\"0.00\",\"total_comission\":\"0.00\",\"is_traceable\":\"\",\"OrderStatus\":[],\"PickupLocation\":[],\"ProductsSold\":[{\"id\":\"31767\"}],\"Payment\":[],\"OrderInvoice\":[],\"MlOrder\":[],\"OrderTransactions\":[],\"MarketplaceOrder\":[],\"Extensions\":[],\"order_id\":\"1277491\"}','2022-02-05 22:36:29','2022-02-05 22:36:29'),(44,1277493,333999345,139.61,100.00,'2020-10-25','Dinheiro',NULL,'D15FB19D0F7A460',NULL,'A ENVIAR DISCOVER','{\"status\":\"A ENVIAR DISCOVER\",\"id\":\"1277493\",\"date\":\"2020-10-25\",\"customer_id\":\"333999345\",\"partial_total\":\"100.00\",\"taxes\":\"0.00\",\"discount\":\"0.00\",\"point_sale\":\"PARTICULAR\",\"shipment\":\"Dominalog Dominalog Standard\",\"shipment_value\":\"39.61\",\"shipment_date\":\"0000-00-00\",\"store_note\":\"\",\"discount_coupon\":\"\",\"payment_method_rate\":\"0.00\",\"value_1\":\"0.00\",\"payment_form\":\"Dinheiro\",\"sending_code\":\"\",\"session_id\":\"\",\"total\":\"139.61\",\"payment_date\":null,\"access_code\":\"D15FB19D0F7A460\",\"progressive_discount\":\"0.00\",\"shipping_progressive_discount\":\"0.00\",\"shipment_integrator\":\"\",\"modified\":\"2020-10-25 20:38:45\",\"printed\":\"\",\"interest\":\"0.00\",\"cart_additional_values_discount\":\"0.00\",\"cart_additional_values_increase\":\"0.00\",\"id_quotation\":\"\",\"estimated_delivery_date\":\"\",\"external_code\":\"\",\"has_payment\":\"0\",\"has_shipment\":\"0\",\"has_invoice\":\"0\",\"total_comission_user\":\"0.00\",\"total_comission\":\"0.00\",\"is_traceable\":\"\",\"OrderStatus\":[],\"PickupLocation\":[],\"ProductsSold\":[{\"id\":\"31769\"}],\"Payment\":[],\"OrderInvoice\":[],\"MlOrder\":[],\"OrderTransactions\":[],\"MarketplaceOrder\":[],\"Extensions\":[],\"order_id\":\"1277493\"}','2022-02-05 22:36:29','2022-02-05 22:36:29'),(45,1277495,333999345,139.61,100.00,'2020-10-25','Dinheiro',NULL,'AEA87F8CA04D9C5',NULL,'A ENVIAR DISCOVER','{\"status\":\"A ENVIAR DISCOVER\",\"id\":\"1277495\",\"date\":\"2020-10-25\",\"customer_id\":\"333999345\",\"partial_total\":\"100.00\",\"taxes\":\"0.00\",\"discount\":\"0.00\",\"point_sale\":\"PARTICULAR\",\"shipment\":\"Dominalog Dominalog Standard\",\"shipment_value\":\"39.61\",\"shipment_date\":\"0000-00-00\",\"store_note\":\"\",\"discount_coupon\":\"\",\"payment_method_rate\":\"0.00\",\"value_1\":\"0.00\",\"payment_form\":\"Dinheiro\",\"sending_code\":\"\",\"session_id\":\"\",\"total\":\"139.61\",\"payment_date\":null,\"access_code\":\"AEA87F8CA04D9C5\",\"progressive_discount\":\"0.00\",\"shipping_progressive_discount\":\"0.00\",\"shipment_integrator\":\"\",\"modified\":\"2020-10-25 20:38:45\",\"printed\":\"\",\"interest\":\"0.00\",\"cart_additional_values_discount\":\"0.00\",\"cart_additional_values_increase\":\"0.00\",\"id_quotation\":\"\",\"estimated_delivery_date\":\"\",\"external_code\":\"\",\"has_payment\":\"0\",\"has_shipment\":\"0\",\"has_invoice\":\"0\",\"total_comission_user\":\"0.00\",\"total_comission\":\"0.00\",\"is_traceable\":\"\",\"OrderStatus\":[],\"PickupLocation\":[],\"ProductsSold\":[{\"id\":\"31771\"}],\"Payment\":[],\"OrderInvoice\":[],\"MlOrder\":[],\"OrderTransactions\":[],\"MarketplaceOrder\":[],\"Extensions\":[],\"order_id\":\"1277495\"}','2022-02-05 22:36:30','2022-02-05 22:36:30'),(46,1277497,333999345,139.61,100.00,'2020-10-25','Dinheiro',NULL,'FCC9B4B7192566C',NULL,'A ENVIAR DISCOVER','{\"status\":\"A ENVIAR DISCOVER\",\"id\":\"1277497\",\"date\":\"2020-10-25\",\"customer_id\":\"333999345\",\"partial_total\":\"100.00\",\"taxes\":\"0.00\",\"discount\":\"0.00\",\"point_sale\":\"PARTICULAR\",\"shipment\":\"Dominalog Dominalog Standard\",\"shipment_value\":\"39.61\",\"shipment_date\":\"0000-00-00\",\"store_note\":\"\",\"discount_coupon\":\"\",\"payment_method_rate\":\"0.00\",\"value_1\":\"0.00\",\"payment_form\":\"Dinheiro\",\"sending_code\":\"\",\"session_id\":\"\",\"total\":\"139.61\",\"payment_date\":null,\"access_code\":\"FCC9B4B7192566C\",\"progressive_discount\":\"0.00\",\"shipping_progressive_discount\":\"0.00\",\"shipment_integrator\":\"\",\"modified\":\"2020-10-25 20:38:45\",\"printed\":\"\",\"interest\":\"0.00\",\"cart_additional_values_discount\":\"0.00\",\"cart_additional_values_increase\":\"0.00\",\"id_quotation\":\"\",\"estimated_delivery_date\":\"\",\"external_code\":\"\",\"has_payment\":\"0\",\"has_shipment\":\"0\",\"has_invoice\":\"0\",\"total_comission_user\":\"0.00\",\"total_comission\":\"0.00\",\"is_traceable\":\"\",\"OrderStatus\":[],\"PickupLocation\":[],\"ProductsSold\":[{\"id\":\"31773\"}],\"Payment\":[],\"OrderInvoice\":[],\"MlOrder\":[],\"OrderTransactions\":[],\"MarketplaceOrder\":[],\"Extensions\":[],\"order_id\":\"1277497\"}','2022-02-05 22:36:30','2022-02-05 22:36:30'),(47,1277499,333999345,139.61,100.00,'2020-10-25','Dinheiro',NULL,'06059002E6D4333',NULL,'A ENVIAR DISCOVER','{\"status\":\"A ENVIAR DISCOVER\",\"id\":\"1277499\",\"date\":\"2020-10-25\",\"customer_id\":\"333999345\",\"partial_total\":\"100.00\",\"taxes\":\"0.00\",\"discount\":\"0.00\",\"point_sale\":\"PARTICULAR\",\"shipment\":\"Dominalog Dominalog Standard\",\"shipment_value\":\"39.61\",\"shipment_date\":\"0000-00-00\",\"store_note\":\"\",\"discount_coupon\":\"\",\"payment_method_rate\":\"0.00\",\"value_1\":\"0.00\",\"payment_form\":\"Dinheiro\",\"sending_code\":\"\",\"session_id\":\"\",\"total\":\"139.61\",\"payment_date\":null,\"access_code\":\"06059002E6D4333\",\"progressive_discount\":\"0.00\",\"shipping_progressive_discount\":\"0.00\",\"shipment_integrator\":\"\",\"modified\":\"2020-10-25 20:38:46\",\"printed\":\"\",\"interest\":\"0.00\",\"cart_additional_values_discount\":\"0.00\",\"cart_additional_values_increase\":\"0.00\",\"id_quotation\":\"\",\"estimated_delivery_date\":\"\",\"external_code\":\"\",\"has_payment\":\"0\",\"has_shipment\":\"0\",\"has_invoice\":\"0\",\"total_comission_user\":\"0.00\",\"total_comission\":\"0.00\",\"is_traceable\":\"\",\"OrderStatus\":[],\"PickupLocation\":[],\"ProductsSold\":[{\"id\":\"31775\"}],\"Payment\":[],\"OrderInvoice\":[],\"MlOrder\":[],\"OrderTransactions\":[],\"MarketplaceOrder\":[],\"Extensions\":[],\"order_id\":\"1277499\"}','2022-02-05 22:36:30','2022-02-05 22:36:30'),(48,1277501,333999345,139.61,100.00,'2020-10-25','Dinheiro',NULL,'40DF836AD904B99',NULL,'A ENVIAR DISCOVER','{\"status\":\"A ENVIAR DISCOVER\",\"id\":\"1277501\",\"date\":\"2020-10-25\",\"customer_id\":\"333999345\",\"partial_total\":\"100.00\",\"taxes\":\"0.00\",\"discount\":\"0.00\",\"point_sale\":\"PARTICULAR\",\"shipment\":\"Dominalog Dominalog Standard\",\"shipment_value\":\"39.61\",\"shipment_date\":\"0000-00-00\",\"store_note\":\"\",\"discount_coupon\":\"\",\"payment_method_rate\":\"0.00\",\"value_1\":\"0.00\",\"payment_form\":\"Dinheiro\",\"sending_code\":\"\",\"session_id\":\"\",\"total\":\"139.61\",\"payment_date\":null,\"access_code\":\"40DF836AD904B99\",\"progressive_discount\":\"0.00\",\"shipping_progressive_discount\":\"0.00\",\"shipment_integrator\":\"\",\"modified\":\"2020-10-25 20:38:46\",\"printed\":\"\",\"interest\":\"0.00\",\"cart_additional_values_discount\":\"0.00\",\"cart_additional_values_increase\":\"0.00\",\"id_quotation\":\"\",\"estimated_delivery_date\":\"\",\"external_code\":\"\",\"has_payment\":\"0\",\"has_shipment\":\"0\",\"has_invoice\":\"0\",\"total_comission_user\":\"0.00\",\"total_comission\":\"0.00\",\"is_traceable\":\"\",\"OrderStatus\":[],\"PickupLocation\":[],\"ProductsSold\":[{\"id\":\"31777\"}],\"Payment\":[],\"OrderInvoice\":[],\"MlOrder\":[],\"OrderTransactions\":[],\"MarketplaceOrder\":[],\"Extensions\":[],\"order_id\":\"1277501\"}','2022-02-05 22:36:30','2022-02-05 22:36:30'),(49,1277503,333999345,139.61,100.00,'2020-10-25','Dinheiro',NULL,'2241B73A61CAD6E',NULL,'A ENVIAR DISCOVER','{\"status\":\"A ENVIAR DISCOVER\",\"id\":\"1277503\",\"date\":\"2020-10-25\",\"customer_id\":\"333999345\",\"partial_total\":\"100.00\",\"taxes\":\"0.00\",\"discount\":\"0.00\",\"point_sale\":\"PARTICULAR\",\"shipment\":\"Dominalog Dominalog Standard\",\"shipment_value\":\"39.61\",\"shipment_date\":\"0000-00-00\",\"store_note\":\"\",\"discount_coupon\":\"\",\"payment_method_rate\":\"0.00\",\"value_1\":\"0.00\",\"payment_form\":\"Dinheiro\",\"sending_code\":\"\",\"session_id\":\"\",\"total\":\"139.61\",\"payment_date\":null,\"access_code\":\"2241B73A61CAD6E\",\"progressive_discount\":\"0.00\",\"shipping_progressive_discount\":\"0.00\",\"shipment_integrator\":\"\",\"modified\":\"2020-10-25 20:38:47\",\"printed\":\"\",\"interest\":\"0.00\",\"cart_additional_values_discount\":\"0.00\",\"cart_additional_values_increase\":\"0.00\",\"id_quotation\":\"\",\"estimated_delivery_date\":\"\",\"external_code\":\"\",\"has_payment\":\"0\",\"has_shipment\":\"0\",\"has_invoice\":\"0\",\"total_comission_user\":\"0.00\",\"total_comission\":\"0.00\",\"is_traceable\":\"\",\"OrderStatus\":[],\"PickupLocation\":[],\"ProductsSold\":[{\"id\":\"31779\"}],\"Payment\":[],\"OrderInvoice\":[],\"MlOrder\":[],\"OrderTransactions\":[],\"MarketplaceOrder\":[],\"Extensions\":[],\"order_id\":\"1277503\"}','2022-02-05 22:36:31','2022-02-05 22:36:31'),(50,1277505,333999345,139.61,100.00,'2020-10-25','Dinheiro',NULL,'004E8EC0D5EBD0C',NULL,'A ENVIAR DISCOVER','{\"status\":\"A ENVIAR DISCOVER\",\"id\":\"1277505\",\"date\":\"2020-10-25\",\"customer_id\":\"333999345\",\"partial_total\":\"100.00\",\"taxes\":\"0.00\",\"discount\":\"0.00\",\"point_sale\":\"PARTICULAR\",\"shipment\":\"Dominalog Dominalog Standard\",\"shipment_value\":\"39.61\",\"shipment_date\":\"0000-00-00\",\"store_note\":\"\",\"discount_coupon\":\"\",\"payment_method_rate\":\"0.00\",\"value_1\":\"0.00\",\"payment_form\":\"Dinheiro\",\"sending_code\":\"\",\"session_id\":\"\",\"total\":\"139.61\",\"payment_date\":null,\"access_code\":\"004E8EC0D5EBD0C\",\"progressive_discount\":\"0.00\",\"shipping_progressive_discount\":\"0.00\",\"shipment_integrator\":\"\",\"modified\":\"2020-10-25 20:38:47\",\"printed\":\"\",\"interest\":\"0.00\",\"cart_additional_values_discount\":\"0.00\",\"cart_additional_values_increase\":\"0.00\",\"id_quotation\":\"\",\"estimated_delivery_date\":\"\",\"external_code\":\"\",\"has_payment\":\"0\",\"has_shipment\":\"0\",\"has_invoice\":\"0\",\"total_comission_user\":\"0.00\",\"total_comission\":\"0.00\",\"is_traceable\":\"\",\"OrderStatus\":[],\"PickupLocation\":[],\"ProductsSold\":[{\"id\":\"31781\"}],\"Payment\":[],\"OrderInvoice\":[],\"MlOrder\":[],\"OrderTransactions\":[],\"MarketplaceOrder\":[],\"Extensions\":[],\"order_id\":\"1277505\"}','2022-02-05 22:36:31','2022-02-05 22:36:31'),(51,1277507,333999345,139.61,100.00,'2020-10-25','Dinheiro',NULL,'DF2D66953EB6904',NULL,'A ENVIAR DISCOVER','{\"status\":\"A ENVIAR DISCOVER\",\"id\":\"1277507\",\"date\":\"2020-10-25\",\"customer_id\":\"333999345\",\"partial_total\":\"100.00\",\"taxes\":\"0.00\",\"discount\":\"0.00\",\"point_sale\":\"PARTICULAR\",\"shipment\":\"Dominalog Dominalog Standard\",\"shipment_value\":\"39.61\",\"shipment_date\":\"0000-00-00\",\"store_note\":\"\",\"discount_coupon\":\"\",\"payment_method_rate\":\"0.00\",\"value_1\":\"0.00\",\"payment_form\":\"Dinheiro\",\"sending_code\":\"\",\"session_id\":\"\",\"total\":\"139.61\",\"payment_date\":null,\"access_code\":\"DF2D66953EB6904\",\"progressive_discount\":\"0.00\",\"shipping_progressive_discount\":\"0.00\",\"shipment_integrator\":\"\",\"modified\":\"2020-10-25 20:38:47\",\"printed\":\"\",\"interest\":\"0.00\",\"cart_additional_values_discount\":\"0.00\",\"cart_additional_values_increase\":\"0.00\",\"id_quotation\":\"\",\"estimated_delivery_date\":\"\",\"external_code\":\"\",\"has_payment\":\"0\",\"has_shipment\":\"0\",\"has_invoice\":\"0\",\"total_comission_user\":\"0.00\",\"total_comission\":\"0.00\",\"is_traceable\":\"\",\"OrderStatus\":[],\"PickupLocation\":[],\"ProductsSold\":[{\"id\":\"31783\"}],\"Payment\":[],\"OrderInvoice\":[],\"MlOrder\":[],\"OrderTransactions\":[],\"MarketplaceOrder\":[],\"Extensions\":[],\"order_id\":\"1277507\"}','2022-02-05 22:36:31','2022-02-05 22:36:31'),(52,1277509,333999345,139.61,100.00,'2020-10-25','Dinheiro',NULL,'107032D5A1A5E08',NULL,'A ENVIAR DISCOVER','{\"status\":\"A ENVIAR DISCOVER\",\"id\":\"1277509\",\"date\":\"2020-10-25\",\"customer_id\":\"333999345\",\"partial_total\":\"100.00\",\"taxes\":\"0.00\",\"discount\":\"0.00\",\"point_sale\":\"PARTICULAR\",\"shipment\":\"Dominalog Dominalog Standard\",\"shipment_value\":\"39.61\",\"shipment_date\":\"0000-00-00\",\"store_note\":\"\",\"discount_coupon\":\"\",\"payment_method_rate\":\"0.00\",\"value_1\":\"0.00\",\"payment_form\":\"Dinheiro\",\"sending_code\":\"\",\"session_id\":\"\",\"total\":\"139.61\",\"payment_date\":null,\"access_code\":\"107032D5A1A5E08\",\"progressive_discount\":\"0.00\",\"shipping_progressive_discount\":\"0.00\",\"shipment_integrator\":\"\",\"modified\":\"2020-10-25 20:38:48\",\"printed\":\"\",\"interest\":\"0.00\",\"cart_additional_values_discount\":\"0.00\",\"cart_additional_values_increase\":\"0.00\",\"id_quotation\":\"\",\"estimated_delivery_date\":\"\",\"external_code\":\"\",\"has_payment\":\"0\",\"has_shipment\":\"0\",\"has_invoice\":\"0\",\"total_comission_user\":\"0.00\",\"total_comission\":\"0.00\",\"is_traceable\":\"\",\"OrderStatus\":[],\"PickupLocation\":[],\"ProductsSold\":[{\"id\":\"31785\"}],\"Payment\":[],\"OrderInvoice\":[],\"MlOrder\":[],\"OrderTransactions\":[],\"MarketplaceOrder\":[],\"Extensions\":[],\"order_id\":\"1277509\"}','2022-02-05 22:36:32','2022-02-05 22:36:32'),(53,1277511,333999345,139.61,100.00,'2020-10-25','Dinheiro',NULL,'574E122BE524703',NULL,'A ENVIAR DISCOVER','{\"status\":\"A ENVIAR DISCOVER\",\"id\":\"1277511\",\"date\":\"2020-10-25\",\"customer_id\":\"333999345\",\"partial_total\":\"100.00\",\"taxes\":\"0.00\",\"discount\":\"0.00\",\"point_sale\":\"PARTICULAR\",\"shipment\":\"Dominalog Dominalog Standard\",\"shipment_value\":\"39.61\",\"shipment_date\":\"0000-00-00\",\"store_note\":\"\",\"discount_coupon\":\"\",\"payment_method_rate\":\"0.00\",\"value_1\":\"0.00\",\"payment_form\":\"Dinheiro\",\"sending_code\":\"\",\"session_id\":\"\",\"total\":\"139.61\",\"payment_date\":null,\"access_code\":\"574E122BE524703\",\"progressive_discount\":\"0.00\",\"shipping_progressive_discount\":\"0.00\",\"shipment_integrator\":\"\",\"modified\":\"2020-10-25 20:38:48\",\"printed\":\"\",\"interest\":\"0.00\",\"cart_additional_values_discount\":\"0.00\",\"cart_additional_values_increase\":\"0.00\",\"id_quotation\":\"\",\"estimated_delivery_date\":\"\",\"external_code\":\"\",\"has_payment\":\"0\",\"has_shipment\":\"0\",\"has_invoice\":\"0\",\"total_comission_user\":\"0.00\",\"total_comission\":\"0.00\",\"is_traceable\":\"\",\"OrderStatus\":[],\"PickupLocation\":[],\"ProductsSold\":[{\"id\":\"31787\"}],\"Payment\":[],\"OrderInvoice\":[],\"MlOrder\":[],\"OrderTransactions\":[],\"MarketplaceOrder\":[],\"Extensions\":[],\"order_id\":\"1277511\"}','2022-02-05 22:36:32','2022-02-05 22:36:32'),(54,1277513,333999345,139.61,100.00,'2020-10-25','Dinheiro',NULL,'3B4C9F51E38C98A',NULL,'A ENVIAR DISCOVER','{\"status\":\"A ENVIAR DISCOVER\",\"id\":\"1277513\",\"date\":\"2020-10-25\",\"customer_id\":\"333999345\",\"partial_total\":\"100.00\",\"taxes\":\"0.00\",\"discount\":\"0.00\",\"point_sale\":\"PARTICULAR\",\"shipment\":\"Dominalog Dominalog Standard\",\"shipment_value\":\"39.61\",\"shipment_date\":\"0000-00-00\",\"store_note\":\"\",\"discount_coupon\":\"\",\"payment_method_rate\":\"0.00\",\"value_1\":\"0.00\",\"payment_form\":\"Dinheiro\",\"sending_code\":\"\",\"session_id\":\"\",\"total\":\"139.61\",\"payment_date\":null,\"access_code\":\"3B4C9F51E38C98A\",\"progressive_discount\":\"0.00\",\"shipping_progressive_discount\":\"0.00\",\"shipment_integrator\":\"\",\"modified\":\"2020-10-25 20:38:49\",\"printed\":\"\",\"interest\":\"0.00\",\"cart_additional_values_discount\":\"0.00\",\"cart_additional_values_increase\":\"0.00\",\"id_quotation\":\"\",\"estimated_delivery_date\":\"\",\"external_code\":\"\",\"has_payment\":\"0\",\"has_shipment\":\"0\",\"has_invoice\":\"0\",\"total_comission_user\":\"0.00\",\"total_comission\":\"0.00\",\"is_traceable\":\"\",\"OrderStatus\":[],\"PickupLocation\":[],\"ProductsSold\":[{\"id\":\"31789\"}],\"Payment\":[],\"OrderInvoice\":[],\"MlOrder\":[],\"OrderTransactions\":[],\"MarketplaceOrder\":[],\"Extensions\":[],\"order_id\":\"1277513\"}','2022-02-05 22:36:32','2022-02-05 22:36:32'),(55,1277515,333999345,139.61,100.00,'2020-10-25','Dinheiro',NULL,'218C0E49100C40B',NULL,'A ENVIAR DISCOVER','{\"status\":\"A ENVIAR DISCOVER\",\"id\":\"1277515\",\"date\":\"2020-10-25\",\"customer_id\":\"333999345\",\"partial_total\":\"100.00\",\"taxes\":\"0.00\",\"discount\":\"0.00\",\"point_sale\":\"PARTICULAR\",\"shipment\":\"Dominalog Dominalog Standard\",\"shipment_value\":\"39.61\",\"shipment_date\":\"0000-00-00\",\"store_note\":\"\",\"discount_coupon\":\"\",\"payment_method_rate\":\"0.00\",\"value_1\":\"0.00\",\"payment_form\":\"Dinheiro\",\"sending_code\":\"\",\"session_id\":\"\",\"total\":\"139.61\",\"payment_date\":null,\"access_code\":\"218C0E49100C40B\",\"progressive_discount\":\"0.00\",\"shipping_progressive_discount\":\"0.00\",\"shipment_integrator\":\"\",\"modified\":\"2020-10-25 20:38:49\",\"printed\":\"\",\"interest\":\"0.00\",\"cart_additional_values_discount\":\"0.00\",\"cart_additional_values_increase\":\"0.00\",\"id_quotation\":\"\",\"estimated_delivery_date\":\"\",\"external_code\":\"\",\"has_payment\":\"0\",\"has_shipment\":\"0\",\"has_invoice\":\"0\",\"total_comission_user\":\"0.00\",\"total_comission\":\"0.00\",\"is_traceable\":\"\",\"OrderStatus\":[],\"PickupLocation\":[],\"ProductsSold\":[{\"id\":\"31791\"}],\"Payment\":[],\"OrderInvoice\":[],\"MlOrder\":[],\"OrderTransactions\":[],\"MarketplaceOrder\":[],\"Extensions\":[],\"order_id\":\"1277515\"}','2022-02-05 22:36:33','2022-02-05 22:36:33'),(56,1277517,333999345,139.61,100.00,'2020-10-25','Dinheiro',NULL,'A1315CC2480EAED',NULL,'A ENVIAR DISCOVER','{\"status\":\"A ENVIAR DISCOVER\",\"id\":\"1277517\",\"date\":\"2020-10-25\",\"customer_id\":\"333999345\",\"partial_total\":\"100.00\",\"taxes\":\"0.00\",\"discount\":\"0.00\",\"point_sale\":\"PARTICULAR\",\"shipment\":\"Dominalog Dominalog Standard\",\"shipment_value\":\"39.61\",\"shipment_date\":\"0000-00-00\",\"store_note\":\"\",\"discount_coupon\":\"\",\"payment_method_rate\":\"0.00\",\"value_1\":\"0.00\",\"payment_form\":\"Dinheiro\",\"sending_code\":\"\",\"session_id\":\"\",\"total\":\"139.61\",\"payment_date\":null,\"access_code\":\"A1315CC2480EAED\",\"progressive_discount\":\"0.00\",\"shipping_progressive_discount\":\"0.00\",\"shipment_integrator\":\"\",\"modified\":\"2020-10-25 20:38:49\",\"printed\":\"\",\"interest\":\"0.00\",\"cart_additional_values_discount\":\"0.00\",\"cart_additional_values_increase\":\"0.00\",\"id_quotation\":\"\",\"estimated_delivery_date\":\"\",\"external_code\":\"\",\"has_payment\":\"0\",\"has_shipment\":\"0\",\"has_invoice\":\"0\",\"total_comission_user\":\"0.00\",\"total_comission\":\"0.00\",\"is_traceable\":\"\",\"OrderStatus\":[],\"PickupLocation\":[],\"ProductsSold\":[{\"id\":\"31793\"}],\"Payment\":[],\"OrderInvoice\":[],\"MlOrder\":[],\"OrderTransactions\":[],\"MarketplaceOrder\":[],\"Extensions\":[],\"order_id\":\"1277517\"}','2022-02-05 22:36:33','2022-02-05 22:36:33'),(57,1277519,333999345,139.61,100.00,'2020-10-25','Dinheiro',NULL,'6ADEFC996C19F23',NULL,'A ENVIAR DISCOVER','{\"status\":\"A ENVIAR DISCOVER\",\"id\":\"1277519\",\"date\":\"2020-10-25\",\"customer_id\":\"333999345\",\"partial_total\":\"100.00\",\"taxes\":\"0.00\",\"discount\":\"0.00\",\"point_sale\":\"PARTICULAR\",\"shipment\":\"Dominalog Dominalog Standard\",\"shipment_value\":\"39.61\",\"shipment_date\":\"0000-00-00\",\"store_note\":\"\",\"discount_coupon\":\"\",\"payment_method_rate\":\"0.00\",\"value_1\":\"0.00\",\"payment_form\":\"Dinheiro\",\"sending_code\":\"\",\"session_id\":\"\",\"total\":\"139.61\",\"payment_date\":null,\"access_code\":\"6ADEFC996C19F23\",\"progressive_discount\":\"0.00\",\"shipping_progressive_discount\":\"0.00\",\"shipment_integrator\":\"\",\"modified\":\"2020-10-25 20:38:50\",\"printed\":\"\",\"interest\":\"0.00\",\"cart_additional_values_discount\":\"0.00\",\"cart_additional_values_increase\":\"0.00\",\"id_quotation\":\"\",\"estimated_delivery_date\":\"\",\"external_code\":\"\",\"has_payment\":\"0\",\"has_shipment\":\"0\",\"has_invoice\":\"0\",\"total_comission_user\":\"0.00\",\"total_comission\":\"0.00\",\"is_traceable\":\"\",\"OrderStatus\":[],\"PickupLocation\":[],\"ProductsSold\":[{\"id\":\"31795\"}],\"Payment\":[],\"OrderInvoice\":[],\"MlOrder\":[],\"OrderTransactions\":[],\"MarketplaceOrder\":[],\"Extensions\":[],\"order_id\":\"1277519\"}','2022-02-05 22:36:33','2022-02-05 22:36:33'),(58,1277521,333999345,139.61,100.00,'2020-10-25','Dinheiro',NULL,'8C1ADCA546D983D',NULL,'A ENVIAR DISCOVER','{\"status\":\"A ENVIAR DISCOVER\",\"id\":\"1277521\",\"date\":\"2020-10-25\",\"customer_id\":\"333999345\",\"partial_total\":\"100.00\",\"taxes\":\"0.00\",\"discount\":\"0.00\",\"point_sale\":\"PARTICULAR\",\"shipment\":\"Dominalog Dominalog Standard\",\"shipment_value\":\"39.61\",\"shipment_date\":\"0000-00-00\",\"store_note\":\"\",\"discount_coupon\":\"\",\"payment_method_rate\":\"0.00\",\"value_1\":\"0.00\",\"payment_form\":\"Dinheiro\",\"sending_code\":\"\",\"session_id\":\"\",\"total\":\"139.61\",\"payment_date\":null,\"access_code\":\"8C1ADCA546D983D\",\"progressive_discount\":\"0.00\",\"shipping_progressive_discount\":\"0.00\",\"shipment_integrator\":\"\",\"modified\":\"2020-10-25 20:38:50\",\"printed\":\"\",\"interest\":\"0.00\",\"cart_additional_values_discount\":\"0.00\",\"cart_additional_values_increase\":\"0.00\",\"id_quotation\":\"\",\"estimated_delivery_date\":\"\",\"external_code\":\"\",\"has_payment\":\"0\",\"has_shipment\":\"0\",\"has_invoice\":\"0\",\"total_comission_user\":\"0.00\",\"total_comission\":\"0.00\",\"is_traceable\":\"\",\"OrderStatus\":[],\"PickupLocation\":[],\"ProductsSold\":[{\"id\":\"31797\"}],\"Payment\":[],\"OrderInvoice\":[],\"MlOrder\":[],\"OrderTransactions\":[],\"MarketplaceOrder\":[],\"Extensions\":[],\"order_id\":\"1277521\"}','2022-02-05 22:36:33','2022-02-05 22:36:33'),(59,1277523,333999345,139.61,100.00,'2020-10-25','Dinheiro',NULL,'1E2327E17A2C0D0',NULL,'A ENVIAR DISCOVER','{\"status\":\"A ENVIAR DISCOVER\",\"id\":\"1277523\",\"date\":\"2020-10-25\",\"customer_id\":\"333999345\",\"partial_total\":\"100.00\",\"taxes\":\"0.00\",\"discount\":\"0.00\",\"point_sale\":\"PARTICULAR\",\"shipment\":\"Dominalog Dominalog Standard\",\"shipment_value\":\"39.61\",\"shipment_date\":\"0000-00-00\",\"store_note\":\"\",\"discount_coupon\":\"\",\"payment_method_rate\":\"0.00\",\"value_1\":\"0.00\",\"payment_form\":\"Dinheiro\",\"sending_code\":\"\",\"session_id\":\"\",\"total\":\"139.61\",\"payment_date\":null,\"access_code\":\"1E2327E17A2C0D0\",\"progressive_discount\":\"0.00\",\"shipping_progressive_discount\":\"0.00\",\"shipment_integrator\":\"\",\"modified\":\"2020-10-25 20:38:51\",\"printed\":\"\",\"interest\":\"0.00\",\"cart_additional_values_discount\":\"0.00\",\"cart_additional_values_increase\":\"0.00\",\"id_quotation\":\"\",\"estimated_delivery_date\":\"\",\"external_code\":\"\",\"has_payment\":\"0\",\"has_shipment\":\"0\",\"has_invoice\":\"0\",\"total_comission_user\":\"0.00\",\"total_comission\":\"0.00\",\"is_traceable\":\"\",\"OrderStatus\":[],\"PickupLocation\":[],\"ProductsSold\":[{\"id\":\"31799\"}],\"Payment\":[],\"OrderInvoice\":[],\"MlOrder\":[],\"OrderTransactions\":[],\"MarketplaceOrder\":[],\"Extensions\":[],\"order_id\":\"1277523\"}','2022-02-05 22:36:34','2022-02-05 22:36:34'),(60,1277525,333999345,139.61,100.00,'2020-10-25','Dinheiro',NULL,'67A70E352C1C615',NULL,'A ENVIAR DISCOVER','{\"status\":\"A ENVIAR DISCOVER\",\"id\":\"1277525\",\"date\":\"2020-10-25\",\"customer_id\":\"333999345\",\"partial_total\":\"100.00\",\"taxes\":\"0.00\",\"discount\":\"0.00\",\"point_sale\":\"PARTICULAR\",\"shipment\":\"Dominalog Dominalog Standard\",\"shipment_value\":\"39.61\",\"shipment_date\":\"0000-00-00\",\"store_note\":\"\",\"discount_coupon\":\"\",\"payment_method_rate\":\"0.00\",\"value_1\":\"0.00\",\"payment_form\":\"Dinheiro\",\"sending_code\":\"\",\"session_id\":\"\",\"total\":\"139.61\",\"payment_date\":null,\"access_code\":\"67A70E352C1C615\",\"progressive_discount\":\"0.00\",\"shipping_progressive_discount\":\"0.00\",\"shipment_integrator\":\"\",\"modified\":\"2020-10-25 20:38:51\",\"printed\":\"\",\"interest\":\"0.00\",\"cart_additional_values_discount\":\"0.00\",\"cart_additional_values_increase\":\"0.00\",\"id_quotation\":\"\",\"estimated_delivery_date\":\"\",\"external_code\":\"\",\"has_payment\":\"0\",\"has_shipment\":\"0\",\"has_invoice\":\"0\",\"total_comission_user\":\"0.00\",\"total_comission\":\"0.00\",\"is_traceable\":\"\",\"OrderStatus\":[],\"PickupLocation\":[],\"ProductsSold\":[{\"id\":\"31801\"}],\"Payment\":[],\"OrderInvoice\":[],\"MlOrder\":[],\"OrderTransactions\":[],\"MarketplaceOrder\":[],\"Extensions\":[],\"order_id\":\"1277525\"}','2022-02-05 22:36:34','2022-02-05 22:36:34'),(61,1277527,333999345,139.61,100.00,'2020-10-25','Dinheiro',NULL,'FFFAD2908B420F8',NULL,'A ENVIAR DISCOVER','{\"status\":\"A ENVIAR DISCOVER\",\"id\":\"1277527\",\"date\":\"2020-10-25\",\"customer_id\":\"333999345\",\"partial_total\":\"100.00\",\"taxes\":\"0.00\",\"discount\":\"0.00\",\"point_sale\":\"PARTICULAR\",\"shipment\":\"Dominalog Dominalog Standard\",\"shipment_value\":\"39.61\",\"shipment_date\":\"\",\"store_note\":\"\",\"discount_coupon\":\"\",\"payment_method_rate\":\"0.00\",\"value_1\":\"0.00\",\"payment_form\":\"Dinheiro\",\"sending_code\":\"\",\"session_id\":\"\",\"total\":\"139.61\",\"payment_date\":null,\"access_code\":\"FFFAD2908B420F8\",\"progressive_discount\":\"0.00\",\"shipping_progressive_discount\":\"0.00\",\"shipment_integrator\":\"\",\"modified\":\"2020-10-25 20:38:51\",\"printed\":\"\",\"interest\":\"0.00\",\"cart_additional_values_discount\":\"0.00\",\"cart_additional_values_increase\":\"0.00\",\"id_quotation\":\"\",\"estimated_delivery_date\":\"\",\"external_code\":\"\",\"has_payment\":\"0\",\"has_shipment\":\"0\",\"has_invoice\":\"0\",\"total_comission_user\":\"0.00\",\"total_comission\":\"0.00\",\"is_traceable\":\"\",\"OrderStatus\":[],\"PickupLocation\":[],\"ProductsSold\":[{\"id\":\"31803\"}],\"Payment\":[],\"OrderInvoice\":[],\"MlOrder\":[],\"OrderTransactions\":[],\"MarketplaceOrder\":[],\"Extensions\":[],\"order_id\":\"1277527\"}','2022-02-05 22:42:48','2022-02-05 22:42:48'),(62,1277529,333999345,139.61,100.00,'2020-10-25','Dinheiro',NULL,'B1E7FC3367D3183',NULL,'A ENVIAR DISCOVER','{\"status\":\"A ENVIAR DISCOVER\",\"id\":\"1277529\",\"date\":\"2020-10-25\",\"customer_id\":\"333999345\",\"partial_total\":\"100.00\",\"taxes\":\"0.00\",\"discount\":\"0.00\",\"point_sale\":\"PARTICULAR\",\"shipment\":\"Dominalog Dominalog Standard\",\"shipment_value\":\"39.61\",\"shipment_date\":\"0000-00-00\",\"store_note\":\"\",\"discount_coupon\":\"\",\"payment_method_rate\":\"0.00\",\"value_1\":\"0.00\",\"payment_form\":\"Dinheiro\",\"sending_code\":\"\",\"session_id\":\"\",\"total\":\"139.61\",\"payment_date\":null,\"access_code\":\"B1E7FC3367D3183\",\"progressive_discount\":\"0.00\",\"shipping_progressive_discount\":\"0.00\",\"shipment_integrator\":\"\",\"modified\":\"2020-10-25 20:38:52\",\"printed\":\"\",\"interest\":\"0.00\",\"cart_additional_values_discount\":\"0.00\",\"cart_additional_values_increase\":\"0.00\",\"id_quotation\":\"\",\"estimated_delivery_date\":\"\",\"external_code\":\"\",\"has_payment\":\"0\",\"has_shipment\":\"0\",\"has_invoice\":\"0\",\"total_comission_user\":\"0.00\",\"total_comission\":\"0.00\",\"is_traceable\":\"\",\"OrderStatus\":[],\"PickupLocation\":[],\"ProductsSold\":[{\"id\":\"31805\"}],\"Payment\":[],\"OrderInvoice\":[],\"MlOrder\":[],\"OrderTransactions\":[],\"MarketplaceOrder\":[],\"Extensions\":[],\"order_id\":\"1277529\"}','2022-02-05 22:42:48','2022-02-05 22:42:48'),(63,1277531,333999345,139.61,100.00,'2020-10-25','Dinheiro',NULL,'F63E3B89F1F7FFB',NULL,'A ENVIAR DISCOVER','{\"status\":\"A ENVIAR DISCOVER\",\"id\":\"1277531\",\"date\":\"2020-10-25\",\"customer_id\":\"333999345\",\"partial_total\":\"100.00\",\"taxes\":\"0.00\",\"discount\":\"0.00\",\"point_sale\":\"PARTICULAR\",\"shipment\":\"Dominalog Dominalog Standard\",\"shipment_value\":\"39.61\",\"shipment_date\":\"0000-00-00\",\"store_note\":\"\",\"discount_coupon\":\"\",\"payment_method_rate\":\"0.00\",\"value_1\":\"0.00\",\"payment_form\":\"Dinheiro\",\"sending_code\":\"\",\"session_id\":\"\",\"total\":\"139.61\",\"payment_date\":null,\"access_code\":\"F63E3B89F1F7FFB\",\"progressive_discount\":\"0.00\",\"shipping_progressive_discount\":\"0.00\",\"shipment_integrator\":\"\",\"modified\":\"2020-10-25 20:38:52\",\"printed\":\"\",\"interest\":\"0.00\",\"cart_additional_values_discount\":\"0.00\",\"cart_additional_values_increase\":\"0.00\",\"id_quotation\":\"\",\"estimated_delivery_date\":\"\",\"external_code\":\"\",\"has_payment\":\"0\",\"has_shipment\":\"0\",\"has_invoice\":\"0\",\"total_comission_user\":\"0.00\",\"total_comission\":\"0.00\",\"is_traceable\":\"\",\"OrderStatus\":[],\"PickupLocation\":[],\"ProductsSold\":[{\"id\":\"31807\"}],\"Payment\":[],\"OrderInvoice\":[],\"MlOrder\":[],\"OrderTransactions\":[],\"MarketplaceOrder\":[],\"Extensions\":[],\"order_id\":\"1277531\"}','2022-02-05 22:42:49','2022-02-05 22:42:49'),(64,1277533,333999345,139.61,100.00,'2020-10-25','Dinheiro',NULL,'B0BFCE920AEBB7E',NULL,'A ENVIAR DISCOVER','{\"status\":\"A ENVIAR DISCOVER\",\"id\":\"1277533\",\"date\":\"2020-10-25\",\"customer_id\":\"333999345\",\"partial_total\":\"100.00\",\"taxes\":\"0.00\",\"discount\":\"0.00\",\"point_sale\":\"PARTICULAR\",\"shipment\":\"Dominalog Dominalog Standard\",\"shipment_value\":\"39.61\",\"shipment_date\":\"0000-00-00\",\"store_note\":\"\",\"discount_coupon\":\"\",\"payment_method_rate\":\"0.00\",\"value_1\":\"0.00\",\"payment_form\":\"Dinheiro\",\"sending_code\":\"\",\"session_id\":\"\",\"total\":\"139.61\",\"payment_date\":null,\"access_code\":\"B0BFCE920AEBB7E\",\"progressive_discount\":\"0.00\",\"shipping_progressive_discount\":\"0.00\",\"shipment_integrator\":\"\",\"modified\":\"2020-10-25 20:38:53\",\"printed\":\"\",\"interest\":\"0.00\",\"cart_additional_values_discount\":\"0.00\",\"cart_additional_values_increase\":\"0.00\",\"id_quotation\":\"\",\"estimated_delivery_date\":\"\",\"external_code\":\"\",\"has_payment\":\"0\",\"has_shipment\":\"0\",\"has_invoice\":\"0\",\"total_comission_user\":\"0.00\",\"total_comission\":\"0.00\",\"is_traceable\":\"\",\"OrderStatus\":[],\"PickupLocation\":[],\"ProductsSold\":[{\"id\":\"31809\"}],\"Payment\":[],\"OrderInvoice\":[],\"MlOrder\":[],\"OrderTransactions\":[],\"MarketplaceOrder\":[],\"Extensions\":[],\"order_id\":\"1277533\"}','2022-02-05 22:42:49','2022-02-05 22:42:49'),(65,1277535,333999345,139.61,100.00,'2020-10-25','Dinheiro',NULL,'DE68C01415C4FD5',NULL,'A ENVIAR DISCOVER','{\"status\":\"A ENVIAR DISCOVER\",\"id\":\"1277535\",\"date\":\"2020-10-25\",\"customer_id\":\"333999345\",\"partial_total\":\"100.00\",\"taxes\":\"0.00\",\"discount\":\"0.00\",\"point_sale\":\"PARTICULAR\",\"shipment\":\"Dominalog Dominalog Standard\",\"shipment_value\":\"39.61\",\"shipment_date\":\"0000-00-00\",\"store_note\":\"\",\"discount_coupon\":\"\",\"payment_method_rate\":\"0.00\",\"value_1\":\"0.00\",\"payment_form\":\"Dinheiro\",\"sending_code\":\"\",\"session_id\":\"\",\"total\":\"139.61\",\"payment_date\":null,\"access_code\":\"DE68C01415C4FD5\",\"progressive_discount\":\"0.00\",\"shipping_progressive_discount\":\"0.00\",\"shipment_integrator\":\"\",\"modified\":\"2020-10-25 20:38:53\",\"printed\":\"\",\"interest\":\"0.00\",\"cart_additional_values_discount\":\"0.00\",\"cart_additional_values_increase\":\"0.00\",\"id_quotation\":\"\",\"estimated_delivery_date\":\"\",\"external_code\":\"\",\"has_payment\":\"0\",\"has_shipment\":\"0\",\"has_invoice\":\"0\",\"total_comission_user\":\"0.00\",\"total_comission\":\"0.00\",\"is_traceable\":\"\",\"OrderStatus\":[],\"PickupLocation\":[],\"ProductsSold\":[{\"id\":\"31811\"}],\"Payment\":[],\"OrderInvoice\":[],\"MlOrder\":[],\"OrderTransactions\":[],\"MarketplaceOrder\":[],\"Extensions\":[],\"order_id\":\"1277535\"}','2022-02-05 22:42:49','2022-02-05 22:42:49'),(66,1277537,333999345,139.61,100.00,'2020-10-25','Dinheiro',NULL,'9409FE04F7379B2',NULL,'A ENVIAR DISCOVER','{\"status\":\"A ENVIAR DISCOVER\",\"id\":\"1277537\",\"date\":\"2020-10-25\",\"customer_id\":\"333999345\",\"partial_total\":\"100.00\",\"taxes\":\"0.00\",\"discount\":\"0.00\",\"point_sale\":\"PARTICULAR\",\"shipment\":\"Dominalog Dominalog Standard\",\"shipment_value\":\"39.61\",\"shipment_date\":\"0000-00-00\",\"store_note\":\"\",\"discount_coupon\":\"\",\"payment_method_rate\":\"0.00\",\"value_1\":\"0.00\",\"payment_form\":\"Dinheiro\",\"sending_code\":\"\",\"session_id\":\"\",\"total\":\"139.61\",\"payment_date\":null,\"access_code\":\"9409FE04F7379B2\",\"progressive_discount\":\"0.00\",\"shipping_progressive_discount\":\"0.00\",\"shipment_integrator\":\"\",\"modified\":\"2020-10-25 20:38:53\",\"printed\":\"\",\"interest\":\"0.00\",\"cart_additional_values_discount\":\"0.00\",\"cart_additional_values_increase\":\"0.00\",\"id_quotation\":\"\",\"estimated_delivery_date\":\"\",\"external_code\":\"\",\"has_payment\":\"0\",\"has_shipment\":\"0\",\"has_invoice\":\"0\",\"total_comission_user\":\"0.00\",\"total_comission\":\"0.00\",\"is_traceable\":\"\",\"OrderStatus\":[],\"PickupLocation\":[],\"ProductsSold\":[{\"id\":\"31813\"}],\"Payment\":[],\"OrderInvoice\":[],\"MlOrder\":[],\"OrderTransactions\":[],\"MarketplaceOrder\":[],\"Extensions\":[],\"order_id\":\"1277537\"}','2022-02-05 22:42:50','2022-02-05 22:42:50'),(67,1277539,333999345,139.61,100.00,'2020-10-25','Dinheiro',NULL,'D5C1C74EC911C5A',NULL,'A ENVIAR DISCOVER','{\"status\":\"A ENVIAR DISCOVER\",\"id\":\"1277539\",\"date\":\"2020-10-25\",\"customer_id\":\"333999345\",\"partial_total\":\"100.00\",\"taxes\":\"0.00\",\"discount\":\"0.00\",\"point_sale\":\"PARTICULAR\",\"shipment\":\"Dominalog Dominalog Standard\",\"shipment_value\":\"39.61\",\"shipment_date\":\"0000-00-00\",\"store_note\":\"\",\"discount_coupon\":\"\",\"payment_method_rate\":\"0.00\",\"value_1\":\"0.00\",\"payment_form\":\"Dinheiro\",\"sending_code\":\"\",\"session_id\":\"\",\"total\":\"139.61\",\"payment_date\":null,\"access_code\":\"D5C1C74EC911C5A\",\"progressive_discount\":\"0.00\",\"shipping_progressive_discount\":\"0.00\",\"shipment_integrator\":\"\",\"modified\":\"2020-10-25 20:38:54\",\"printed\":\"\",\"interest\":\"0.00\",\"cart_additional_values_discount\":\"0.00\",\"cart_additional_values_increase\":\"0.00\",\"id_quotation\":\"\",\"estimated_delivery_date\":\"\",\"external_code\":\"\",\"has_payment\":\"0\",\"has_shipment\":\"0\",\"has_invoice\":\"0\",\"total_comission_user\":\"0.00\",\"total_comission\":\"0.00\",\"is_traceable\":\"\",\"OrderStatus\":[],\"PickupLocation\":[],\"ProductsSold\":[{\"id\":\"31815\"}],\"Payment\":[],\"OrderInvoice\":[],\"MlOrder\":[],\"OrderTransactions\":[],\"MarketplaceOrder\":[],\"Extensions\":[],\"order_id\":\"1277539\"}','2022-02-05 22:42:50','2022-02-05 22:42:50'),(68,1277541,333999345,139.61,100.00,'2020-10-25','Dinheiro',NULL,'F8C6092B7183500',NULL,'A ENVIAR DISCOVER','{\"status\":\"A ENVIAR DISCOVER\",\"id\":\"1277541\",\"date\":\"2020-10-25\",\"customer_id\":\"333999345\",\"partial_total\":\"100.00\",\"taxes\":\"0.00\",\"discount\":\"0.00\",\"point_sale\":\"PARTICULAR\",\"shipment\":\"Dominalog Dominalog Standard\",\"shipment_value\":\"39.61\",\"shipment_date\":\"0000-00-00\",\"store_note\":\"\",\"discount_coupon\":\"\",\"payment_method_rate\":\"0.00\",\"value_1\":\"0.00\",\"payment_form\":\"Dinheiro\",\"sending_code\":\"\",\"session_id\":\"\",\"total\":\"139.61\",\"payment_date\":null,\"access_code\":\"F8C6092B7183500\",\"progressive_discount\":\"0.00\",\"shipping_progressive_discount\":\"0.00\",\"shipment_integrator\":\"\",\"modified\":\"2020-10-25 20:38:54\",\"printed\":\"\",\"interest\":\"0.00\",\"cart_additional_values_discount\":\"0.00\",\"cart_additional_values_increase\":\"0.00\",\"id_quotation\":\"\",\"estimated_delivery_date\":\"\",\"external_code\":\"\",\"has_payment\":\"0\",\"has_shipment\":\"0\",\"has_invoice\":\"0\",\"total_comission_user\":\"0.00\",\"total_comission\":\"0.00\",\"is_traceable\":\"\",\"OrderStatus\":[],\"PickupLocation\":[],\"ProductsSold\":[{\"id\":\"31817\"}],\"Payment\":[],\"OrderInvoice\":[],\"MlOrder\":[],\"OrderTransactions\":[],\"MarketplaceOrder\":[],\"Extensions\":[],\"order_id\":\"1277541\"}','2022-02-05 22:42:50','2022-02-05 22:42:50'),(69,1277543,333999345,139.61,100.00,'2020-10-25','Dinheiro',NULL,'D14B219B40FA7B6',NULL,'A ENVIAR DISCOVER','{\"status\":\"A ENVIAR DISCOVER\",\"id\":\"1277543\",\"date\":\"2020-10-25\",\"customer_id\":\"333999345\",\"partial_total\":\"100.00\",\"taxes\":\"0.00\",\"discount\":\"0.00\",\"point_sale\":\"PARTICULAR\",\"shipment\":\"Dominalog Dominalog Standard\",\"shipment_value\":\"39.61\",\"shipment_date\":\"0000-00-00\",\"store_note\":\"\",\"discount_coupon\":\"\",\"payment_method_rate\":\"0.00\",\"value_1\":\"0.00\",\"payment_form\":\"Dinheiro\",\"sending_code\":\"\",\"session_id\":\"\",\"total\":\"139.61\",\"payment_date\":null,\"access_code\":\"D14B219B40FA7B6\",\"progressive_discount\":\"0.00\",\"shipping_progressive_discount\":\"0.00\",\"shipment_integrator\":\"\",\"modified\":\"2020-10-25 20:38:55\",\"printed\":\"\",\"interest\":\"0.00\",\"cart_additional_values_discount\":\"0.00\",\"cart_additional_values_increase\":\"0.00\",\"id_quotation\":\"\",\"estimated_delivery_date\":\"\",\"external_code\":\"\",\"has_payment\":\"0\",\"has_shipment\":\"0\",\"has_invoice\":\"0\",\"total_comission_user\":\"0.00\",\"total_comission\":\"0.00\",\"is_traceable\":\"\",\"OrderStatus\":[],\"PickupLocation\":[],\"ProductsSold\":[{\"id\":\"31819\"}],\"Payment\":[],\"OrderInvoice\":[],\"MlOrder\":[],\"OrderTransactions\":[],\"MarketplaceOrder\":[],\"Extensions\":[],\"order_id\":\"1277543\"}','2022-02-05 22:42:51','2022-02-05 22:42:51'),(70,1277545,333999345,139.61,100.00,'2020-10-25','Dinheiro',NULL,'74313A65B6909F6',NULL,'A ENVIAR DISCOVER','{\"status\":\"A ENVIAR DISCOVER\",\"id\":\"1277545\",\"date\":\"2020-10-25\",\"customer_id\":\"333999345\",\"partial_total\":\"100.00\",\"taxes\":\"0.00\",\"discount\":\"0.00\",\"point_sale\":\"PARTICULAR\",\"shipment\":\"Dominalog Dominalog Standard\",\"shipment_value\":\"39.61\",\"shipment_date\":\"0000-00-00\",\"store_note\":\"\",\"discount_coupon\":\"\",\"payment_method_rate\":\"0.00\",\"value_1\":\"0.00\",\"payment_form\":\"Dinheiro\",\"sending_code\":\"\",\"session_id\":\"\",\"total\":\"139.61\",\"payment_date\":null,\"access_code\":\"74313A65B6909F6\",\"progressive_discount\":\"0.00\",\"shipping_progressive_discount\":\"0.00\",\"shipment_integrator\":\"\",\"modified\":\"2020-10-25 20:38:55\",\"printed\":\"\",\"interest\":\"0.00\",\"cart_additional_values_discount\":\"0.00\",\"cart_additional_values_increase\":\"0.00\",\"id_quotation\":\"\",\"estimated_delivery_date\":\"\",\"external_code\":\"\",\"has_payment\":\"0\",\"has_shipment\":\"0\",\"has_invoice\":\"0\",\"total_comission_user\":\"0.00\",\"total_comission\":\"0.00\",\"is_traceable\":\"\",\"OrderStatus\":[],\"PickupLocation\":[],\"ProductsSold\":[{\"id\":\"31821\"}],\"Payment\":[],\"OrderInvoice\":[],\"MlOrder\":[],\"OrderTransactions\":[],\"MarketplaceOrder\":[],\"Extensions\":[],\"order_id\":\"1277545\"}','2022-02-05 22:42:51','2022-02-05 22:42:51'),(71,1277547,333999345,139.61,100.00,'2020-10-25','Dinheiro',NULL,'78FB262DD1590E9',NULL,'A ENVIAR DISCOVER','{\"status\":\"A ENVIAR DISCOVER\",\"id\":\"1277547\",\"date\":\"2020-10-25\",\"customer_id\":\"333999345\",\"partial_total\":\"100.00\",\"taxes\":\"0.00\",\"discount\":\"0.00\",\"point_sale\":\"PARTICULAR\",\"shipment\":\"Dominalog Dominalog Standard\",\"shipment_value\":\"39.61\",\"shipment_date\":\"0000-00-00\",\"store_note\":\"\",\"discount_coupon\":\"\",\"payment_method_rate\":\"0.00\",\"value_1\":\"0.00\",\"payment_form\":\"Dinheiro\",\"sending_code\":\"\",\"session_id\":\"\",\"total\":\"139.61\",\"payment_date\":null,\"access_code\":\"78FB262DD1590E9\",\"progressive_discount\":\"0.00\",\"shipping_progressive_discount\":\"0.00\",\"shipment_integrator\":\"\",\"modified\":\"2020-10-25 20:38:56\",\"printed\":\"\",\"interest\":\"0.00\",\"cart_additional_values_discount\":\"0.00\",\"cart_additional_values_increase\":\"0.00\",\"id_quotation\":\"\",\"estimated_delivery_date\":\"\",\"external_code\":\"\",\"has_payment\":\"0\",\"has_shipment\":\"0\",\"has_invoice\":\"0\",\"total_comission_user\":\"0.00\",\"total_comission\":\"0.00\",\"is_traceable\":\"\",\"OrderStatus\":[],\"PickupLocation\":[],\"ProductsSold\":[{\"id\":\"31823\"}],\"Payment\":[],\"OrderInvoice\":[],\"MlOrder\":[],\"OrderTransactions\":[],\"MarketplaceOrder\":[],\"Extensions\":[],\"order_id\":\"1277547\"}','2022-02-05 22:42:51','2022-02-05 22:42:51'),(72,1277549,333999345,139.61,100.00,'2020-10-25','Dinheiro',NULL,'E88A9777221CCD0',NULL,'A ENVIAR DISCOVER','{\"status\":\"A ENVIAR DISCOVER\",\"id\":\"1277549\",\"date\":\"2020-10-25\",\"customer_id\":\"333999345\",\"partial_total\":\"100.00\",\"taxes\":\"0.00\",\"discount\":\"0.00\",\"point_sale\":\"PARTICULAR\",\"shipment\":\"Dominalog Dominalog Standard\",\"shipment_value\":\"39.61\",\"shipment_date\":\"0000-00-00\",\"store_note\":\"\",\"discount_coupon\":\"\",\"payment_method_rate\":\"0.00\",\"value_1\":\"0.00\",\"payment_form\":\"Dinheiro\",\"sending_code\":\"\",\"session_id\":\"\",\"total\":\"139.61\",\"payment_date\":null,\"access_code\":\"E88A9777221CCD0\",\"progressive_discount\":\"0.00\",\"shipping_progressive_discount\":\"0.00\",\"shipment_integrator\":\"\",\"modified\":\"2020-10-25 20:38:56\",\"printed\":\"\",\"interest\":\"0.00\",\"cart_additional_values_discount\":\"0.00\",\"cart_additional_values_increase\":\"0.00\",\"id_quotation\":\"\",\"estimated_delivery_date\":\"\",\"external_code\":\"\",\"has_payment\":\"0\",\"has_shipment\":\"0\",\"has_invoice\":\"0\",\"total_comission_user\":\"0.00\",\"total_comission\":\"0.00\",\"is_traceable\":\"\",\"OrderStatus\":[],\"PickupLocation\":[],\"ProductsSold\":[{\"id\":\"31825\"}],\"Payment\":[],\"OrderInvoice\":[],\"MlOrder\":[],\"OrderTransactions\":[],\"MarketplaceOrder\":[],\"Extensions\":[],\"order_id\":\"1277549\"}','2022-02-05 22:42:52','2022-02-05 22:42:52'),(73,1277551,333999345,139.61,100.00,'2020-10-25','Dinheiro',NULL,'E1225F24AE4B740',NULL,'A ENVIAR DISCOVER','{\"status\":\"A ENVIAR DISCOVER\",\"id\":\"1277551\",\"date\":\"2020-10-25\",\"customer_id\":\"333999345\",\"partial_total\":\"100.00\",\"taxes\":\"0.00\",\"discount\":\"0.00\",\"point_sale\":\"PARTICULAR\",\"shipment\":\"Dominalog Dominalog Standard\",\"shipment_value\":\"39.61\",\"shipment_date\":\"0000-00-00\",\"store_note\":\"\",\"discount_coupon\":\"\",\"payment_method_rate\":\"0.00\",\"value_1\":\"0.00\",\"payment_form\":\"Dinheiro\",\"sending_code\":\"\",\"session_id\":\"\",\"total\":\"139.61\",\"payment_date\":null,\"access_code\":\"E1225F24AE4B740\",\"progressive_discount\":\"0.00\",\"shipping_progressive_discount\":\"0.00\",\"shipment_integrator\":\"\",\"modified\":\"2020-10-25 20:38:56\",\"printed\":\"\",\"interest\":\"0.00\",\"cart_additional_values_discount\":\"0.00\",\"cart_additional_values_increase\":\"0.00\",\"id_quotation\":\"\",\"estimated_delivery_date\":\"\",\"external_code\":\"\",\"has_payment\":\"0\",\"has_shipment\":\"0\",\"has_invoice\":\"0\",\"total_comission_user\":\"0.00\",\"total_comission\":\"0.00\",\"is_traceable\":\"\",\"OrderStatus\":[],\"PickupLocation\":[],\"ProductsSold\":[{\"id\":\"31827\"}],\"Payment\":[],\"OrderInvoice\":[],\"MlOrder\":[],\"OrderTransactions\":[],\"MarketplaceOrder\":[],\"Extensions\":[],\"order_id\":\"1277551\"}','2022-02-05 22:42:52','2022-02-05 22:42:52'),(74,1277553,333999345,139.61,100.00,'2020-10-25','Dinheiro',NULL,'52565C52BB8F27C',NULL,'A ENVIAR DISCOVER','{\"status\":\"A ENVIAR DISCOVER\",\"id\":\"1277553\",\"date\":\"2020-10-25\",\"customer_id\":\"333999345\",\"partial_total\":\"100.00\",\"taxes\":\"0.00\",\"discount\":\"0.00\",\"point_sale\":\"PARTICULAR\",\"shipment\":\"Dominalog Dominalog Standard\",\"shipment_value\":\"39.61\",\"shipment_date\":\"0000-00-00\",\"store_note\":\"\",\"discount_coupon\":\"\",\"payment_method_rate\":\"0.00\",\"value_1\":\"0.00\",\"payment_form\":\"Dinheiro\",\"sending_code\":\"\",\"session_id\":\"\",\"total\":\"139.61\",\"payment_date\":null,\"access_code\":\"52565C52BB8F27C\",\"progressive_discount\":\"0.00\",\"shipping_progressive_discount\":\"0.00\",\"shipment_integrator\":\"\",\"modified\":\"2020-10-25 20:38:57\",\"printed\":\"\",\"interest\":\"0.00\",\"cart_additional_values_discount\":\"0.00\",\"cart_additional_values_increase\":\"0.00\",\"id_quotation\":\"\",\"estimated_delivery_date\":\"\",\"external_code\":\"\",\"has_payment\":\"0\",\"has_shipment\":\"0\",\"has_invoice\":\"0\",\"total_comission_user\":\"0.00\",\"total_comission\":\"0.00\",\"is_traceable\":\"\",\"OrderStatus\":[],\"PickupLocation\":[],\"ProductsSold\":[{\"id\":\"31829\"}],\"Payment\":[],\"OrderInvoice\":[],\"MlOrder\":[],\"OrderTransactions\":[],\"MarketplaceOrder\":[],\"Extensions\":[],\"order_id\":\"1277553\"}','2022-02-05 22:42:52','2022-02-05 22:42:52'),(75,1277555,333999345,139.61,100.00,'2020-10-25','Dinheiro',NULL,'1104DD7DFA496BD',NULL,'A ENVIAR DISCOVER','{\"status\":\"A ENVIAR DISCOVER\",\"id\":\"1277555\",\"date\":\"2020-10-25\",\"customer_id\":\"333999345\",\"partial_total\":\"100.00\",\"taxes\":\"0.00\",\"discount\":\"0.00\",\"point_sale\":\"PARTICULAR\",\"shipment\":\"Dominalog Dominalog Standard\",\"shipment_value\":\"39.61\",\"shipment_date\":\"0000-00-00\",\"store_note\":\"\",\"discount_coupon\":\"\",\"payment_method_rate\":\"0.00\",\"value_1\":\"0.00\",\"payment_form\":\"Dinheiro\",\"sending_code\":\"\",\"session_id\":\"\",\"total\":\"139.61\",\"payment_date\":null,\"access_code\":\"1104DD7DFA496BD\",\"progressive_discount\":\"0.00\",\"shipping_progressive_discount\":\"0.00\",\"shipment_integrator\":\"\",\"modified\":\"2020-10-25 20:38:57\",\"printed\":\"\",\"interest\":\"0.00\",\"cart_additional_values_discount\":\"0.00\",\"cart_additional_values_increase\":\"0.00\",\"id_quotation\":\"\",\"estimated_delivery_date\":\"\",\"external_code\":\"\",\"has_payment\":\"0\",\"has_shipment\":\"0\",\"has_invoice\":\"0\",\"total_comission_user\":\"0.00\",\"total_comission\":\"0.00\",\"is_traceable\":\"\",\"OrderStatus\":[],\"PickupLocation\":[],\"ProductsSold\":[{\"id\":\"31831\"}],\"Payment\":[],\"OrderInvoice\":[],\"MlOrder\":[],\"OrderTransactions\":[],\"MarketplaceOrder\":[],\"Extensions\":[],\"order_id\":\"1277555\"}','2022-02-05 22:42:52','2022-02-05 22:42:52'),(76,1277557,333999345,139.61,100.00,'2020-10-25','Dinheiro',NULL,'AEBAD8D0CABEC52',NULL,'A ENVIAR DISCOVER','{\"status\":\"A ENVIAR DISCOVER\",\"id\":\"1277557\",\"date\":\"2020-10-25\",\"customer_id\":\"333999345\",\"partial_total\":\"100.00\",\"taxes\":\"0.00\",\"discount\":\"0.00\",\"point_sale\":\"PARTICULAR\",\"shipment\":\"Dominalog Dominalog Standard\",\"shipment_value\":\"39.61\",\"shipment_date\":\"0000-00-00\",\"store_note\":\"\",\"discount_coupon\":\"\",\"payment_method_rate\":\"0.00\",\"value_1\":\"0.00\",\"payment_form\":\"Dinheiro\",\"sending_code\":\"\",\"session_id\":\"\",\"total\":\"139.61\",\"payment_date\":null,\"access_code\":\"AEBAD8D0CABEC52\",\"progressive_discount\":\"0.00\",\"shipping_progressive_discount\":\"0.00\",\"shipment_integrator\":\"\",\"modified\":\"2020-10-25 20:38:58\",\"printed\":\"\",\"interest\":\"0.00\",\"cart_additional_values_discount\":\"0.00\",\"cart_additional_values_increase\":\"0.00\",\"id_quotation\":\"\",\"estimated_delivery_date\":\"\",\"external_code\":\"\",\"has_payment\":\"0\",\"has_shipment\":\"0\",\"has_invoice\":\"0\",\"total_comission_user\":\"0.00\",\"total_comission\":\"0.00\",\"is_traceable\":\"\",\"OrderStatus\":[],\"PickupLocation\":[],\"ProductsSold\":[{\"id\":\"31833\"}],\"Payment\":[],\"OrderInvoice\":[],\"MlOrder\":[],\"OrderTransactions\":[],\"MarketplaceOrder\":[],\"Extensions\":[],\"order_id\":\"1277557\"}','2022-02-05 22:42:53','2022-02-05 22:42:53'),(77,1277559,333999345,139.61,100.00,'2020-10-25','Dinheiro',NULL,'2113D62365E8FBC',NULL,'A ENVIAR DISCOVER','{\"status\":\"A ENVIAR DISCOVER\",\"id\":\"1277559\",\"date\":\"2020-10-25\",\"customer_id\":\"333999345\",\"partial_total\":\"100.00\",\"taxes\":\"0.00\",\"discount\":\"0.00\",\"point_sale\":\"PARTICULAR\",\"shipment\":\"Dominalog Dominalog Standard\",\"shipment_value\":\"39.61\",\"shipment_date\":\"0000-00-00\",\"store_note\":\"\",\"discount_coupon\":\"\",\"payment_method_rate\":\"0.00\",\"value_1\":\"0.00\",\"payment_form\":\"Dinheiro\",\"sending_code\":\"\",\"session_id\":\"\",\"total\":\"139.61\",\"payment_date\":null,\"access_code\":\"2113D62365E8FBC\",\"progressive_discount\":\"0.00\",\"shipping_progressive_discount\":\"0.00\",\"shipment_integrator\":\"\",\"modified\":\"2020-10-25 20:38:58\",\"printed\":\"\",\"interest\":\"0.00\",\"cart_additional_values_discount\":\"0.00\",\"cart_additional_values_increase\":\"0.00\",\"id_quotation\":\"\",\"estimated_delivery_date\":\"\",\"external_code\":\"\",\"has_payment\":\"0\",\"has_shipment\":\"0\",\"has_invoice\":\"0\",\"total_comission_user\":\"0.00\",\"total_comission\":\"0.00\",\"is_traceable\":\"\",\"OrderStatus\":[],\"PickupLocation\":[],\"ProductsSold\":[{\"id\":\"31835\"}],\"Payment\":[],\"OrderInvoice\":[],\"MlOrder\":[],\"OrderTransactions\":[],\"MarketplaceOrder\":[],\"Extensions\":[],\"order_id\":\"1277559\"}','2022-02-05 22:42:53','2022-02-05 22:42:53'),(78,1277561,333999345,139.61,100.00,'2020-10-25','Dinheiro',NULL,'804FFA455DEEA70',NULL,'A ENVIAR DISCOVER','{\"status\":\"A ENVIAR DISCOVER\",\"id\":\"1277561\",\"date\":\"2020-10-25\",\"customer_id\":\"333999345\",\"partial_total\":\"100.00\",\"taxes\":\"0.00\",\"discount\":\"0.00\",\"point_sale\":\"PARTICULAR\",\"shipment\":\"Dominalog Dominalog Standard\",\"shipment_value\":\"39.61\",\"shipment_date\":\"0000-00-00\",\"store_note\":\"\",\"discount_coupon\":\"\",\"payment_method_rate\":\"0.00\",\"value_1\":\"0.00\",\"payment_form\":\"Dinheiro\",\"sending_code\":\"\",\"session_id\":\"\",\"total\":\"139.61\",\"payment_date\":null,\"access_code\":\"804FFA455DEEA70\",\"progressive_discount\":\"0.00\",\"shipping_progressive_discount\":\"0.00\",\"shipment_integrator\":\"\",\"modified\":\"2020-10-25 20:38:58\",\"printed\":\"\",\"interest\":\"0.00\",\"cart_additional_values_discount\":\"0.00\",\"cart_additional_values_increase\":\"0.00\",\"id_quotation\":\"\",\"estimated_delivery_date\":\"\",\"external_code\":\"\",\"has_payment\":\"0\",\"has_shipment\":\"0\",\"has_invoice\":\"0\",\"total_comission_user\":\"0.00\",\"total_comission\":\"0.00\",\"is_traceable\":\"\",\"OrderStatus\":[],\"PickupLocation\":[],\"ProductsSold\":[{\"id\":\"31837\"}],\"Payment\":[],\"OrderInvoice\":[],\"MlOrder\":[],\"OrderTransactions\":[],\"MarketplaceOrder\":[],\"Extensions\":[],\"order_id\":\"1277561\"}','2022-02-05 22:42:53','2022-02-05 22:42:53'),(79,1277563,333999345,139.61,100.00,'2020-10-25','Dinheiro',NULL,'EE18E58F43D2E6C',NULL,'A ENVIAR DISCOVER','{\"status\":\"A ENVIAR DISCOVER\",\"id\":\"1277563\",\"date\":\"2020-10-25\",\"customer_id\":\"333999345\",\"partial_total\":\"100.00\",\"taxes\":\"0.00\",\"discount\":\"0.00\",\"point_sale\":\"PARTICULAR\",\"shipment\":\"Dominalog Dominalog Standard\",\"shipment_value\":\"39.61\",\"shipment_date\":\"0000-00-00\",\"store_note\":\"\",\"discount_coupon\":\"\",\"payment_method_rate\":\"0.00\",\"value_1\":\"0.00\",\"payment_form\":\"Dinheiro\",\"sending_code\":\"\",\"session_id\":\"\",\"total\":\"139.61\",\"payment_date\":null,\"access_code\":\"EE18E58F43D2E6C\",\"progressive_discount\":\"0.00\",\"shipping_progressive_discount\":\"0.00\",\"shipment_integrator\":\"\",\"modified\":\"2020-10-25 20:38:59\",\"printed\":\"\",\"interest\":\"0.00\",\"cart_additional_values_discount\":\"0.00\",\"cart_additional_values_increase\":\"0.00\",\"id_quotation\":\"\",\"estimated_delivery_date\":\"\",\"external_code\":\"\",\"has_payment\":\"0\",\"has_shipment\":\"0\",\"has_invoice\":\"0\",\"total_comission_user\":\"0.00\",\"total_comission\":\"0.00\",\"is_traceable\":\"\",\"OrderStatus\":[],\"PickupLocation\":[],\"ProductsSold\":[{\"id\":\"31839\"}],\"Payment\":[],\"OrderInvoice\":[],\"MlOrder\":[],\"OrderTransactions\":[],\"MarketplaceOrder\":[],\"Extensions\":[],\"order_id\":\"1277563\"}','2022-02-05 22:42:53','2022-02-05 22:42:53'),(80,1277565,333999345,139.61,100.00,'2020-10-25','Dinheiro',NULL,'46EA26E101B9764',NULL,'A ENVIAR DISCOVER','{\"status\":\"A ENVIAR DISCOVER\",\"id\":\"1277565\",\"date\":\"2020-10-25\",\"customer_id\":\"333999345\",\"partial_total\":\"100.00\",\"taxes\":\"0.00\",\"discount\":\"0.00\",\"point_sale\":\"PARTICULAR\",\"shipment\":\"Dominalog Dominalog Standard\",\"shipment_value\":\"39.61\",\"shipment_date\":\"0000-00-00\",\"store_note\":\"\",\"discount_coupon\":\"\",\"payment_method_rate\":\"0.00\",\"value_1\":\"0.00\",\"payment_form\":\"Dinheiro\",\"sending_code\":\"\",\"session_id\":\"\",\"total\":\"139.61\",\"payment_date\":null,\"access_code\":\"46EA26E101B9764\",\"progressive_discount\":\"0.00\",\"shipping_progressive_discount\":\"0.00\",\"shipment_integrator\":\"\",\"modified\":\"2020-10-25 20:38:59\",\"printed\":\"\",\"interest\":\"0.00\",\"cart_additional_values_discount\":\"0.00\",\"cart_additional_values_increase\":\"0.00\",\"id_quotation\":\"\",\"estimated_delivery_date\":\"\",\"external_code\":\"\",\"has_payment\":\"0\",\"has_shipment\":\"0\",\"has_invoice\":\"0\",\"total_comission_user\":\"0.00\",\"total_comission\":\"0.00\",\"is_traceable\":\"\",\"OrderStatus\":[],\"PickupLocation\":[],\"ProductsSold\":[{\"id\":\"31841\"}],\"Payment\":[],\"OrderInvoice\":[],\"MlOrder\":[],\"OrderTransactions\":[],\"MarketplaceOrder\":[],\"Extensions\":[],\"order_id\":\"1277565\"}','2022-02-05 22:42:54','2022-02-05 22:42:54'),(81,1277567,333999345,139.61,100.00,'2020-10-25','Dinheiro',NULL,'E20E238F458AD34',NULL,'A ENVIAR DISCOVER','{\"status\":\"A ENVIAR DISCOVER\",\"id\":\"1277567\",\"date\":\"2020-10-25\",\"customer_id\":\"333999345\",\"partial_total\":\"100.00\",\"taxes\":\"0.00\",\"discount\":\"0.00\",\"point_sale\":\"PARTICULAR\",\"shipment\":\"Dominalog Dominalog Standard\",\"shipment_value\":\"39.61\",\"shipment_date\":\"0000-00-00\",\"store_note\":\"\",\"discount_coupon\":\"\",\"payment_method_rate\":\"0.00\",\"value_1\":\"0.00\",\"payment_form\":\"Dinheiro\",\"sending_code\":\"\",\"session_id\":\"\",\"total\":\"139.61\",\"payment_date\":null,\"access_code\":\"E20E238F458AD34\",\"progressive_discount\":\"0.00\",\"shipping_progressive_discount\":\"0.00\",\"shipment_integrator\":\"\",\"modified\":\"2020-10-25 20:39:00\",\"printed\":\"\",\"interest\":\"0.00\",\"cart_additional_values_discount\":\"0.00\",\"cart_additional_values_increase\":\"0.00\",\"id_quotation\":\"\",\"estimated_delivery_date\":\"\",\"external_code\":\"\",\"has_payment\":\"0\",\"has_shipment\":\"0\",\"has_invoice\":\"0\",\"total_comission_user\":\"0.00\",\"total_comission\":\"0.00\",\"is_traceable\":\"\",\"OrderStatus\":[],\"PickupLocation\":[],\"ProductsSold\":[{\"id\":\"31843\"}],\"Payment\":[],\"OrderInvoice\":[],\"MlOrder\":[],\"OrderTransactions\":[],\"MarketplaceOrder\":[],\"Extensions\":[],\"order_id\":\"1277567\"}','2022-02-05 22:42:54','2022-02-05 22:42:54'),(82,1277569,333999345,139.61,100.00,'2020-10-25','Dinheiro',NULL,'4BBC8FE88C1A53E',NULL,'A ENVIAR DISCOVER','{\"status\":\"A ENVIAR DISCOVER\",\"id\":\"1277569\",\"date\":\"2020-10-25\",\"customer_id\":\"333999345\",\"partial_total\":\"100.00\",\"taxes\":\"0.00\",\"discount\":\"0.00\",\"point_sale\":\"PARTICULAR\",\"shipment\":\"Dominalog Dominalog Standard\",\"shipment_value\":\"39.61\",\"shipment_date\":\"0000-00-00\",\"store_note\":\"\",\"discount_coupon\":\"\",\"payment_method_rate\":\"0.00\",\"value_1\":\"0.00\",\"payment_form\":\"Dinheiro\",\"sending_code\":\"\",\"session_id\":\"\",\"total\":\"139.61\",\"payment_date\":null,\"access_code\":\"4BBC8FE88C1A53E\",\"progressive_discount\":\"0.00\",\"shipping_progressive_discount\":\"0.00\",\"shipment_integrator\":\"\",\"modified\":\"2020-10-25 20:39:00\",\"printed\":\"\",\"interest\":\"0.00\",\"cart_additional_values_discount\":\"0.00\",\"cart_additional_values_increase\":\"0.00\",\"id_quotation\":\"\",\"estimated_delivery_date\":\"\",\"external_code\":\"\",\"has_payment\":\"0\",\"has_shipment\":\"0\",\"has_invoice\":\"0\",\"total_comission_user\":\"0.00\",\"total_comission\":\"0.00\",\"is_traceable\":\"\",\"OrderStatus\":[],\"PickupLocation\":[],\"ProductsSold\":[{\"id\":\"31845\"}],\"Payment\":[],\"OrderInvoice\":[],\"MlOrder\":[],\"OrderTransactions\":[],\"MarketplaceOrder\":[],\"Extensions\":[],\"order_id\":\"1277569\"}','2022-02-05 22:42:54','2022-02-05 22:42:54'),(83,1277571,333999345,139.61,100.00,'2020-10-25','Dinheiro',NULL,'8A9DA9C57022C2D',NULL,'A ENVIAR DISCOVER','{\"status\":\"A ENVIAR DISCOVER\",\"id\":\"1277571\",\"date\":\"2020-10-25\",\"customer_id\":\"333999345\",\"partial_total\":\"100.00\",\"taxes\":\"0.00\",\"discount\":\"0.00\",\"point_sale\":\"PARTICULAR\",\"shipment\":\"Dominalog Dominalog Standard\",\"shipment_value\":\"39.61\",\"shipment_date\":\"0000-00-00\",\"store_note\":\"\",\"discount_coupon\":\"\",\"payment_method_rate\":\"0.00\",\"value_1\":\"0.00\",\"payment_form\":\"Dinheiro\",\"sending_code\":\"\",\"session_id\":\"\",\"total\":\"139.61\",\"payment_date\":null,\"access_code\":\"8A9DA9C57022C2D\",\"progressive_discount\":\"0.00\",\"shipping_progressive_discount\":\"0.00\",\"shipment_integrator\":\"\",\"modified\":\"2020-10-25 20:39:01\",\"printed\":\"\",\"interest\":\"0.00\",\"cart_additional_values_discount\":\"0.00\",\"cart_additional_values_increase\":\"0.00\",\"id_quotation\":\"\",\"estimated_delivery_date\":\"\",\"external_code\":\"\",\"has_payment\":\"0\",\"has_shipment\":\"0\",\"has_invoice\":\"0\",\"total_comission_user\":\"0.00\",\"total_comission\":\"0.00\",\"is_traceable\":\"\",\"OrderStatus\":[],\"PickupLocation\":[],\"ProductsSold\":[{\"id\":\"31847\"}],\"Payment\":[],\"OrderInvoice\":[],\"MlOrder\":[],\"OrderTransactions\":[],\"MarketplaceOrder\":[],\"Extensions\":[],\"order_id\":\"1277571\"}','2022-02-05 22:42:55','2022-02-05 22:42:55'),(84,1277573,333999345,139.61,100.00,'2020-10-25','Dinheiro',NULL,'A32E79FAC2B9A78',NULL,'A ENVIAR DISCOVER','{\"status\":\"A ENVIAR DISCOVER\",\"id\":\"1277573\",\"date\":\"2020-10-25\",\"customer_id\":\"333999345\",\"partial_total\":\"100.00\",\"taxes\":\"0.00\",\"discount\":\"0.00\",\"point_sale\":\"PARTICULAR\",\"shipment\":\"Dominalog Dominalog Standard\",\"shipment_value\":\"39.61\",\"shipment_date\":\"0000-00-00\",\"store_note\":\"\",\"discount_coupon\":\"\",\"payment_method_rate\":\"0.00\",\"value_1\":\"0.00\",\"payment_form\":\"Dinheiro\",\"sending_code\":\"\",\"session_id\":\"\",\"total\":\"139.61\",\"payment_date\":null,\"access_code\":\"A32E79FAC2B9A78\",\"progressive_discount\":\"0.00\",\"shipping_progressive_discount\":\"0.00\",\"shipment_integrator\":\"\",\"modified\":\"2020-10-25 20:39:01\",\"printed\":\"\",\"interest\":\"0.00\",\"cart_additional_values_discount\":\"0.00\",\"cart_additional_values_increase\":\"0.00\",\"id_quotation\":\"\",\"estimated_delivery_date\":\"\",\"external_code\":\"\",\"has_payment\":\"0\",\"has_shipment\":\"0\",\"has_invoice\":\"0\",\"total_comission_user\":\"0.00\",\"total_comission\":\"0.00\",\"is_traceable\":\"\",\"OrderStatus\":[],\"PickupLocation\":[],\"ProductsSold\":[{\"id\":\"31849\"}],\"Payment\":[],\"OrderInvoice\":[],\"MlOrder\":[],\"OrderTransactions\":[],\"MarketplaceOrder\":[],\"Extensions\":[],\"order_id\":\"1277573\"}','2022-02-05 22:42:55','2022-02-05 22:42:55'),(85,1277575,333999345,139.61,100.00,'2020-10-25','Dinheiro',NULL,'931DB302C9669C8',NULL,'A ENVIAR DISCOVER','{\"status\":\"A ENVIAR DISCOVER\",\"id\":\"1277575\",\"date\":\"2020-10-25\",\"customer_id\":\"333999345\",\"partial_total\":\"100.00\",\"taxes\":\"0.00\",\"discount\":\"0.00\",\"point_sale\":\"PARTICULAR\",\"shipment\":\"Dominalog Dominalog Standard\",\"shipment_value\":\"39.61\",\"shipment_date\":\"0000-00-00\",\"store_note\":\"\",\"discount_coupon\":\"\",\"payment_method_rate\":\"0.00\",\"value_1\":\"0.00\",\"payment_form\":\"Dinheiro\",\"sending_code\":\"\",\"session_id\":\"\",\"total\":\"139.61\",\"payment_date\":null,\"access_code\":\"931DB302C9669C8\",\"progressive_discount\":\"0.00\",\"shipping_progressive_discount\":\"0.00\",\"shipment_integrator\":\"\",\"modified\":\"2020-10-25 20:39:01\",\"printed\":\"\",\"interest\":\"0.00\",\"cart_additional_values_discount\":\"0.00\",\"cart_additional_values_increase\":\"0.00\",\"id_quotation\":\"\",\"estimated_delivery_date\":\"\",\"external_code\":\"\",\"has_payment\":\"0\",\"has_shipment\":\"0\",\"has_invoice\":\"0\",\"total_comission_user\":\"0.00\",\"total_comission\":\"0.00\",\"is_traceable\":\"\",\"OrderStatus\":[],\"PickupLocation\":[],\"ProductsSold\":[{\"id\":\"31851\"}],\"Payment\":[],\"OrderInvoice\":[],\"MlOrder\":[],\"OrderTransactions\":[],\"MarketplaceOrder\":[],\"Extensions\":[],\"order_id\":\"1277575\"}','2022-02-05 22:42:55','2022-02-05 22:42:55'),(86,1277577,333999345,139.61,100.00,'2020-10-25','Dinheiro',NULL,'015D4DAF6F05273',NULL,'A ENVIAR DISCOVER','{\"status\":\"A ENVIAR DISCOVER\",\"id\":\"1277577\",\"date\":\"2020-10-25\",\"customer_id\":\"333999345\",\"partial_total\":\"100.00\",\"taxes\":\"0.00\",\"discount\":\"0.00\",\"point_sale\":\"PARTICULAR\",\"shipment\":\"Dominalog Dominalog Standard\",\"shipment_value\":\"39.61\",\"shipment_date\":\"0000-00-00\",\"store_note\":\"\",\"discount_coupon\":\"\",\"payment_method_rate\":\"0.00\",\"value_1\":\"0.00\",\"payment_form\":\"Dinheiro\",\"sending_code\":\"\",\"session_id\":\"\",\"total\":\"139.61\",\"payment_date\":null,\"access_code\":\"015D4DAF6F05273\",\"progressive_discount\":\"0.00\",\"shipping_progressive_discount\":\"0.00\",\"shipment_integrator\":\"\",\"modified\":\"2020-10-25 20:39:02\",\"printed\":\"\",\"interest\":\"0.00\",\"cart_additional_values_discount\":\"0.00\",\"cart_additional_values_increase\":\"0.00\",\"id_quotation\":\"\",\"estimated_delivery_date\":\"\",\"external_code\":\"\",\"has_payment\":\"0\",\"has_shipment\":\"0\",\"has_invoice\":\"0\",\"total_comission_user\":\"0.00\",\"total_comission\":\"0.00\",\"is_traceable\":\"\",\"OrderStatus\":[],\"PickupLocation\":[],\"ProductsSold\":[{\"id\":\"31853\"}],\"Payment\":[],\"OrderInvoice\":[],\"MlOrder\":[],\"OrderTransactions\":[],\"MarketplaceOrder\":[],\"Extensions\":[],\"order_id\":\"1277577\"}','2022-02-05 22:42:55','2022-02-05 22:42:55'),(87,1277579,333999345,139.61,100.00,'2020-10-25','Dinheiro',NULL,'9F9F43D5849946E',NULL,'A ENVIAR DISCOVER','{\"status\":\"A ENVIAR DISCOVER\",\"id\":\"1277579\",\"date\":\"2020-10-25\",\"customer_id\":\"333999345\",\"partial_total\":\"100.00\",\"taxes\":\"0.00\",\"discount\":\"0.00\",\"point_sale\":\"PARTICULAR\",\"shipment\":\"Dominalog Dominalog Standard\",\"shipment_value\":\"39.61\",\"shipment_date\":\"0000-00-00\",\"store_note\":\"\",\"discount_coupon\":\"\",\"payment_method_rate\":\"0.00\",\"value_1\":\"0.00\",\"payment_form\":\"Dinheiro\",\"sending_code\":\"\",\"session_id\":\"\",\"total\":\"139.61\",\"payment_date\":null,\"access_code\":\"9F9F43D5849946E\",\"progressive_discount\":\"0.00\",\"shipping_progressive_discount\":\"0.00\",\"shipment_integrator\":\"\",\"modified\":\"2020-10-25 20:39:02\",\"printed\":\"\",\"interest\":\"0.00\",\"cart_additional_values_discount\":\"0.00\",\"cart_additional_values_increase\":\"0.00\",\"id_quotation\":\"\",\"estimated_delivery_date\":\"\",\"external_code\":\"\",\"has_payment\":\"0\",\"has_shipment\":\"0\",\"has_invoice\":\"0\",\"total_comission_user\":\"0.00\",\"total_comission\":\"0.00\",\"is_traceable\":\"\",\"OrderStatus\":[],\"PickupLocation\":[],\"ProductsSold\":[{\"id\":\"31855\"}],\"Payment\":[],\"OrderInvoice\":[],\"MlOrder\":[],\"OrderTransactions\":[],\"MarketplaceOrder\":[],\"Extensions\":[],\"order_id\":\"1277579\"}','2022-02-05 22:42:56','2022-02-05 22:42:56'),(88,1277581,333999345,139.61,100.00,'2020-10-25','Dinheiro',NULL,'DD9DCE5220F65C4',NULL,'A ENVIAR DISCOVER','{\"status\":\"A ENVIAR DISCOVER\",\"id\":\"1277581\",\"date\":\"2020-10-25\",\"customer_id\":\"333999345\",\"partial_total\":\"100.00\",\"taxes\":\"0.00\",\"discount\":\"0.00\",\"point_sale\":\"PARTICULAR\",\"shipment\":\"Dominalog Dominalog Standard\",\"shipment_value\":\"39.61\",\"shipment_date\":\"0000-00-00\",\"store_note\":\"\",\"discount_coupon\":\"\",\"payment_method_rate\":\"0.00\",\"value_1\":\"0.00\",\"payment_form\":\"Dinheiro\",\"sending_code\":\"\",\"session_id\":\"\",\"total\":\"139.61\",\"payment_date\":null,\"access_code\":\"DD9DCE5220F65C4\",\"progressive_discount\":\"0.00\",\"shipping_progressive_discount\":\"0.00\",\"shipment_integrator\":\"\",\"modified\":\"2020-10-25 20:39:03\",\"printed\":\"\",\"interest\":\"0.00\",\"cart_additional_values_discount\":\"0.00\",\"cart_additional_values_increase\":\"0.00\",\"id_quotation\":\"\",\"estimated_delivery_date\":\"\",\"external_code\":\"\",\"has_payment\":\"0\",\"has_shipment\":\"0\",\"has_invoice\":\"0\",\"total_comission_user\":\"0.00\",\"total_comission\":\"0.00\",\"is_traceable\":\"\",\"OrderStatus\":[],\"PickupLocation\":[],\"ProductsSold\":[{\"id\":\"31857\"}],\"Payment\":[],\"OrderInvoice\":[],\"MlOrder\":[],\"OrderTransactions\":[],\"MarketplaceOrder\":[],\"Extensions\":[],\"order_id\":\"1277581\"}','2022-02-05 22:42:56','2022-02-05 22:42:56'),(89,1277583,333999345,139.61,100.00,'2020-10-25','Dinheiro',NULL,'56FFD9EFBAD5343',NULL,'A ENVIAR DISCOVER','{\"status\":\"A ENVIAR DISCOVER\",\"id\":\"1277583\",\"date\":\"2020-10-25\",\"customer_id\":\"333999345\",\"partial_total\":\"100.00\",\"taxes\":\"0.00\",\"discount\":\"0.00\",\"point_sale\":\"PARTICULAR\",\"shipment\":\"Dominalog Dominalog Standard\",\"shipment_value\":\"39.61\",\"shipment_date\":\"0000-00-00\",\"store_note\":\"\",\"discount_coupon\":\"\",\"payment_method_rate\":\"0.00\",\"value_1\":\"0.00\",\"payment_form\":\"Dinheiro\",\"sending_code\":\"\",\"session_id\":\"\",\"total\":\"139.61\",\"payment_date\":null,\"access_code\":\"56FFD9EFBAD5343\",\"progressive_discount\":\"0.00\",\"shipping_progressive_discount\":\"0.00\",\"shipment_integrator\":\"\",\"modified\":\"2020-10-25 20:39:03\",\"printed\":\"\",\"interest\":\"0.00\",\"cart_additional_values_discount\":\"0.00\",\"cart_additional_values_increase\":\"0.00\",\"id_quotation\":\"\",\"estimated_delivery_date\":\"\",\"external_code\":\"\",\"has_payment\":\"0\",\"has_shipment\":\"0\",\"has_invoice\":\"0\",\"total_comission_user\":\"0.00\",\"total_comission\":\"0.00\",\"is_traceable\":\"\",\"OrderStatus\":[],\"PickupLocation\":[],\"ProductsSold\":[{\"id\":\"31859\"}],\"Payment\":[],\"OrderInvoice\":[],\"MlOrder\":[],\"OrderTransactions\":[],\"MarketplaceOrder\":[],\"Extensions\":[],\"order_id\":\"1277583\"}','2022-02-05 22:42:56','2022-02-05 22:42:56'),(90,1277585,333999345,139.61,100.00,'2020-10-25','Dinheiro',NULL,'5943D19FAA7B67B',NULL,'A ENVIAR DISCOVER','{\"status\":\"A ENVIAR DISCOVER\",\"id\":\"1277585\",\"date\":\"2020-10-25\",\"customer_id\":\"333999345\",\"partial_total\":\"100.00\",\"taxes\":\"0.00\",\"discount\":\"0.00\",\"point_sale\":\"PARTICULAR\",\"shipment\":\"Dominalog Dominalog Standard\",\"shipment_value\":\"39.61\",\"shipment_date\":\"0000-00-00\",\"store_note\":\"\",\"discount_coupon\":\"\",\"payment_method_rate\":\"0.00\",\"value_1\":\"0.00\",\"payment_form\":\"Dinheiro\",\"sending_code\":\"\",\"session_id\":\"\",\"total\":\"139.61\",\"payment_date\":null,\"access_code\":\"5943D19FAA7B67B\",\"progressive_discount\":\"0.00\",\"shipping_progressive_discount\":\"0.00\",\"shipment_integrator\":\"\",\"modified\":\"2020-10-25 20:39:03\",\"printed\":\"\",\"interest\":\"0.00\",\"cart_additional_values_discount\":\"0.00\",\"cart_additional_values_increase\":\"0.00\",\"id_quotation\":\"\",\"estimated_delivery_date\":\"\",\"external_code\":\"\",\"has_payment\":\"0\",\"has_shipment\":\"0\",\"has_invoice\":\"0\",\"total_comission_user\":\"0.00\",\"total_comission\":\"0.00\",\"is_traceable\":\"\",\"OrderStatus\":[],\"PickupLocation\":[],\"ProductsSold\":[{\"id\":\"31861\"}],\"Payment\":[],\"OrderInvoice\":[],\"MlOrder\":[],\"OrderTransactions\":[],\"MarketplaceOrder\":[],\"Extensions\":[],\"order_id\":\"1277585\"}','2022-02-05 22:42:57','2022-02-05 22:42:57');
/*!40000 ALTER TABLE `trayothers` ENABLE KEYS */;
UNLOCK TABLES;

--
-- Table structure for table `user_averages`
--

DROP TABLE IF EXISTS `user_averages`;
/*!40101 SET @saved_cs_client     = @@character_set_client */;
/*!50503 SET character_set_client = utf8mb4 */;
CREATE TABLE `user_averages` (
  `id` bigint unsigned NOT NULL AUTO_INCREMENT,
  `user_id` bigint unsigned NOT NULL,
  `average_id` bigint unsigned NOT NULL,
  PRIMARY KEY (`id`),
  KEY `user_averages_user_id_foreign` (`user_id`),
  KEY `user_averages_average_id_foreign` (`average_id`),
  CONSTRAINT `user_averages_average_id_foreign` FOREIGN KEY (`average_id`) REFERENCES `averages` (`id`),
  CONSTRAINT `user_averages_user_id_foreign` FOREIGN KEY (`user_id`) REFERENCES `users` (`id`)
) ENGINE=InnoDB DEFAULT CHARSET=utf8mb4 COLLATE=utf8mb4_unicode_ci;
/*!40101 SET character_set_client = @saved_cs_client */;

--
-- Dumping data for table `user_averages`
--

LOCK TABLES `user_averages` WRITE;
/*!40000 ALTER TABLE `user_averages` DISABLE KEYS */;
/*!40000 ALTER TABLE `user_averages` ENABLE KEYS */;
UNLOCK TABLES;

--
-- Table structure for table `user_locations`
--

DROP TABLE IF EXISTS `user_locations`;
/*!40101 SET @saved_cs_client     = @@character_set_client */;
/*!50503 SET character_set_client = utf8mb4 */;
CREATE TABLE `user_locations` (
  `id` bigint unsigned NOT NULL AUTO_INCREMENT,
  `user_id` bigint unsigned NOT NULL,
  `location_id` bigint unsigned NOT NULL,
  PRIMARY KEY (`id`),
  KEY `user_locations_user_id_foreign` (`user_id`),
  KEY `user_locations_location_id_foreign` (`location_id`),
  CONSTRAINT `user_locations_location_id_foreign` FOREIGN KEY (`location_id`) REFERENCES `locations` (`id`),
  CONSTRAINT `user_locations_user_id_foreign` FOREIGN KEY (`user_id`) REFERENCES `users` (`id`)
) ENGINE=InnoDB AUTO_INCREMENT=3 DEFAULT CHARSET=utf8mb4 COLLATE=utf8mb4_unicode_ci;
/*!40101 SET character_set_client = @saved_cs_client */;

--
-- Dumping data for table `user_locations`
--

LOCK TABLES `user_locations` WRITE;
/*!40000 ALTER TABLE `user_locations` DISABLE KEYS */;
INSERT INTO `user_locations` VALUES (1,1,1),(2,2,2);
/*!40000 ALTER TABLE `user_locations` ENABLE KEYS */;
UNLOCK TABLES;

--
-- Table structure for table `user_roles`
--

DROP TABLE IF EXISTS `user_roles`;
/*!40101 SET @saved_cs_client     = @@character_set_client */;
/*!50503 SET character_set_client = utf8mb4 */;
CREATE TABLE `user_roles` (
  `user_id` bigint unsigned NOT NULL,
  `role_id` bigint unsigned NOT NULL,
  PRIMARY KEY (`user_id`,`role_id`),
  KEY `user_roles_user_id_index` (`user_id`),
  KEY `user_roles_role_id_index` (`role_id`),
  CONSTRAINT `user_roles_role_id_foreign` FOREIGN KEY (`role_id`) REFERENCES `roles` (`id`) ON DELETE CASCADE,
  CONSTRAINT `user_roles_user_id_foreign` FOREIGN KEY (`user_id`) REFERENCES `users` (`id`) ON DELETE CASCADE
) ENGINE=InnoDB DEFAULT CHARSET=utf8mb4 COLLATE=utf8mb4_unicode_ci;
/*!40101 SET character_set_client = @saved_cs_client */;

--
-- Dumping data for table `user_roles`
--

LOCK TABLES `user_roles` WRITE;
/*!40000 ALTER TABLE `user_roles` DISABLE KEYS */;
/*!40000 ALTER TABLE `user_roles` ENABLE KEYS */;
UNLOCK TABLES;

--
-- Table structure for table `users`
--

DROP TABLE IF EXISTS `users`;
/*!40101 SET @saved_cs_client     = @@character_set_client */;
/*!50503 SET character_set_client = utf8mb4 */;
CREATE TABLE `users` (
  `id` bigint unsigned NOT NULL AUTO_INCREMENT,
  `role_id` bigint unsigned DEFAULT NULL,
  `name` varchar(255) COLLATE utf8mb4_unicode_ci NOT NULL,
  `email` varchar(255) COLLATE utf8mb4_unicode_ci NOT NULL,
  `avatar` varchar(255) COLLATE utf8mb4_unicode_ci DEFAULT 'users/default.png',
  `email_verified_at` timestamp NULL DEFAULT NULL,
  `password` varchar(255) COLLATE utf8mb4_unicode_ci NOT NULL,
  `remember_token` varchar(100) COLLATE utf8mb4_unicode_ci DEFAULT NULL,
  `settings` text COLLATE utf8mb4_unicode_ci,
  `created_at` timestamp NULL DEFAULT NULL,
  `updated_at` timestamp NULL DEFAULT NULL,
  `customer_id` varchar(1) COLLATE utf8mb4_unicode_ci DEFAULT NULL,
  PRIMARY KEY (`id`),
  UNIQUE KEY `users_email_unique` (`email`),
  KEY `users_role_id_foreign` (`role_id`),
  CONSTRAINT `users_role_id_foreign` FOREIGN KEY (`role_id`) REFERENCES `roles` (`id`)
) ENGINE=InnoDB AUTO_INCREMENT=3 DEFAULT CHARSET=utf8mb4 COLLATE=utf8mb4_unicode_ci;
/*!40101 SET character_set_client = @saved_cs_client */;

--
-- Dumping data for table `users`
--

LOCK TABLES `users` WRITE;
/*!40000 ALTER TABLE `users` DISABLE KEYS */;
INSERT INTO `users` VALUES (1,1,'pedrohosoares','pedrohosoares@gmail.com','users/default.png',NULL,'$2y$10$FBbay4LvOeFZIqzCbzXrXO2AGxZ7SytBC5uX8m7Kl8/.7Mtwg63we',NULL,'{\"locale\":\"en\"}','2022-02-01 02:36:36','2022-02-01 02:37:45',NULL),(2,2,'Pedro Esf','pedro.soares@encontresuafranquia.com.br','users/default.png',NULL,'$2y$10$VahOI1lIA2vsG5cNjiNY8eOomltp1LmVZFCz1Ni4EtQxAqH9Wqu.i',NULL,'{\"locale\":\"en\"}','2022-02-05 22:58:00','2022-02-05 22:58:00',NULL);
/*!40000 ALTER TABLE `users` ENABLE KEYS */;
UNLOCK TABLES;
/*!40103 SET TIME_ZONE=@OLD_TIME_ZONE */;

/*!40101 SET SQL_MODE=@OLD_SQL_MODE */;
/*!40014 SET FOREIGN_KEY_CHECKS=@OLD_FOREIGN_KEY_CHECKS */;
/*!40014 SET UNIQUE_CHECKS=@OLD_UNIQUE_CHECKS */;
/*!40101 SET CHARACTER_SET_CLIENT=@OLD_CHARACTER_SET_CLIENT */;
/*!40101 SET CHARACTER_SET_RESULTS=@OLD_CHARACTER_SET_RESULTS */;
/*!40101 SET COLLATION_CONNECTION=@OLD_COLLATION_CONNECTION */;
/*!40111 SET SQL_NOTES=@OLD_SQL_NOTES */;

-- Dump completed on 2022-02-07 18:51:25
